e2e/audio-drift/_capture.ts :: recordAudio :: waitForTimeout(100) #1	STATE	-	Polls the page-side __audioDriftDone flag each cycle before sleeping; convert to page.waitForFunction/expect.poll on that sentinel instead of a blind interval.
e2e/audio-drift/audio-drift.spec.ts :: @audio-drift 08-multi-user-edit :: waitForTimeout(500) #1	STATE	-	Blind warmup before recording cross-peer audio; no product interval found, so poll for the first non-silent sample via recordAudio own analyser instead.
e2e/audio-drift/audio-drift.spec.ts :: runScenarioOnce :: waitForTimeout(opts.warmupMs) #1	STATE	-	Same warmup-before-record pattern, parameterized per scenario; convert to a readiness poll on the audio graph rather than a caller-supplied ms.
e2e/chaos/lib/driver.ts :: applyIntent :: waitForTimeout(intent.ms) #1	PACING	-	Executes the chaos fuzzer own randomized kind=sleep intent (a deliberate wall-clock idle action), not a readiness gate; no single product constant found, so treat as a documented test-fixture exception -- flagged uncertain.
e2e/chaos/runner.spec.ts :: chaos run :: waitForTimeout(30) #1	STATE	-	Comment: tiny settle so the reconciler can apply before reading engine state; convert to polling the reconciler applied-intent flag or a __patch snapshot.
e2e/tests/_helpers.ts :: openModulePalette :: waitForTimeout(200) #1	PAINT	-	Comment says d3-zoom transform settle -- a CSS-driven repaint after mouse.wheel(); use waitFrames(page, n) instead of a fixed ms.
e2e/tests/_module-coverage-helpers.ts :: runFor :: waitForTimeout(ms) #1	PACING	-	Thin pass-through wrapper explicitly documented (its own docstring) as the sanctioned site for genuine wall-clock waits (analyser refill, spawn generators) as opposed to rendered-output waits; kept generic by design -- flagged uncertain since it names no single interval itself.
e2e/tests/adsr-vca-invert.spec.ts :: ADSR: env_inv produces non-zero CV signal that is the unipolar inverse of env :: waitForTimeout(1500) #1	STATE	-	Waits for the ADSR envelope plus VCA chain to reach audible steady-state before reading scope stats; no fixed product constant matches 1500ms (default attack 5ms / decay 100ms) -- poll readScopeBothChannels for peak above threshold instead.
e2e/tests/adsr-vca-invert.spec.ts :: VCA: audio_inv carries the same envelope-shaped signal as audio, with inverted polarity :: waitForTimeout(1500) #1	STATE	-	Same envelope-settle-then-read pattern as the env_inv case; convert to a scope-peak poll.
e2e/tests/ai-debug.spec.ts :: AI debug snapshot — voice-demo flow :: waitForTimeout(3000) #1	STATE	-	Broad wait for any work to finish before a diagnostic DOM snapshot; no single observable named -- convert to polling for network/engine idle rather than a blind 3s sleep.
e2e/tests/ai-smoke.spec.ts :: clear: Clear button removes all nodes + edges from patch + DOM :: waitForTimeout(150) #1	STATE	-	Settle after fileMenuClick(workflow-file-clear) before asserting node/edge counts are 0; poll the svelte-flow node/edge counts directly.
e2e/tests/ai-smoke.spec.ts :: connect-replaces-existing: patching to an occupied input replaces the prior cable :: waitForTimeout(150) #1	STATE	-	Settle after a simulated cable drag before asserting edge count; poll the svelte-flow edge count instead.
e2e/tests/ai-smoke.spec.ts :: fader: dragging visibly moves the thumb (motorized state reflection) :: waitForTimeout(100) #1	STATE	-	Settle after a mouse drag before reading the fader thumb inline transform; poll the thumb style/transform value.
e2e/tests/ai-smoke.spec.ts :: node-drag: dragging a card persists position back to the patch graph :: waitForTimeout(150) #1	STATE	-	Settle after a mouse drag before reading the card transform; poll the node element transform instead of a blind sleep.
e2e/tests/analog-vco-fm-sync.spec.ts :: captureA :: waitForTimeout(500) #1	STATE	-	Redundant pre-settle immediately followed by a proper page.waitForFunction poll on engine readiness; fold the wait into that poll retry loop instead of a blind pre-wait.
e2e/tests/analog-vco-fm-sync.spec.ts :: captureMorph :: waitForTimeout(500) #1	STATE	-	Same pattern -- a blind pre-wait ahead of an already-correct waitForFunction poll.
e2e/tests/analog-vco-hard-sync.spec.ts :: captureSlave :: waitForTimeout(500) #1	STATE	-	Comment explicitly argues for polling over a fixed timeout, then the code still does both; the wait(500) preceding the waitForFunction poll is the redundant part to remove.
e2e/tests/audio-controls.spec.ts :: Audio Out: master=0 silences the destination; master=0.5 produces signal :: waitForTimeout(150) #1	STATE	-	Settle after setParam(out, master, 0) before reading the mutated param back; poll readParam until it reflects the new value.
e2e/tests/audio-controls.spec.ts :: Destroy: bits=16 vs bits=1 produces measurably different RMS or peak :: waitForTimeout(300) #1	STATE	-	Settle after setParam(dst, bits, 1) before sampling the crushed scope snapshot; poll readScopeStats for a changed waveform shape.
e2e/tests/audio-controls.spec.ts :: Filter: cutoff knob moved from 20Hz to 8000Hz changes the captured spectrum :: waitForTimeout(500) #1	PACING	-	Mirrors the filter DSP si.smoo ~10ms one-pole on cutoff plus the ~46ms analyser buffer refill, both defined in packages/dsp/src/filter.dsp line 13.
e2e/tests/audio-controls.spec.ts :: setParam :: waitForTimeout(100) #1	STATE	-	Generic settle after a raw __patch mutation before the caller reads engine state; poll readParam/readScopeStats for the new value instead of a flat 100ms.
e2e/tests/audio-controls.spec.ts :: waitForSignal :: waitForTimeout(100) #1	STATE	-	Already an explicit retry loop polling readScopeStats (rms above 0.001); convert the inner sleep to expect.poll own interval.
e2e/tests/audio-in.spec.ts :: ensureAudioInStreaming :: waitForTimeout(150) #1	STATE	-	Retry-loop spacing before re-checking the AUDIO IN card data-state attribute; convert to expect.poll on that attribute.
e2e/tests/audio-in.spec.ts :: exposes BOTH L and R outputs of the stereo pair (both non-silent) :: waitForTimeout(800) #1	STATE	-	Comment: give the audio graph a beat to push samples before reading scope channels; poll for non-flat scope output instead.
e2e/tests/audio-in.spec.ts :: menu patch-out wires pinned AUDIO IN → SCOPE and the fake-mic signal materializes :: waitForTimeout(800) #1	STATE	-	Same audio-pipeline-warmup-before-read pattern; poll the scope for non-silence.
e2e/tests/audio-in.spec.ts :: streams the fake 440 Hz sine to SCOPE.ch1 (non-silence) :: waitForTimeout(800) #1	STATE	-	Same pattern; poll scope canvas / signal stats rather than a blind 800ms.
e2e/tests/backdraft.spec.ts :: faders route through the patch store :: waitForTimeout(120) #1	STATE	-	Settle after a raw Yjs param mutation before reading it back from __patch.nodes; poll the store snapshot instead. Feedback-render module, but this wait only gates store sync not the per-frame feedback loop, so not RISKY.
e2e/tests/behavioral-observation-window.spec.ts :: readFramesWallClockSpaced :: waitForTimeout(spacingMs) #1	STATE	-	Page-side canvas-sample-per-iteration loop spacing samples across real time to measure frame arrival; convert to a single page-side sampling loop (one evaluate) rather than N Playwright-side sleeps.
e2e/tests/blood-audio-output.spec.ts :: BLOOD audio_l → SCOPE: the game-audio mixer produces audible signal in-game :: waitForTimeout(80) #1	STATE	RISKY	Samples the analyser during a held-fire burst; BLOOD runtime.runFrame() runs once per rendered surface.draw (packages/web/src/lib/video/modules/blood.ts line 379), the same frame-locked mechanism as DOOM, so changing this wait cadence changes how many game frames elapse.
e2e/tests/blood-audio-output.spec.ts :: BLOOD audio_l → SCOPE: the game-audio mixer produces audible signal in-game :: waitForTimeout(80) #2	STATE	RISKY	Same held-fire sampling loop, second occurrence; same frame-locked-runtime risk.
e2e/tests/blood-audio-output.spec.ts :: BLOOD audio_l → SCOPE: the game-audio mixer produces audible signal in-game :: waitForTimeout(900) #1	STATE	RISKY	Settle after 8 scripted key presses before sampling in-level audio; the scripted navigation outcome depends on how many game frames actually ran during this wait.
e2e/tests/blood-audio-output.spec.ts :: BLOOD music: in-level OPL3 music produces SUSTAINED audio on audio_l (standing still) :: waitForTimeout(110) #1	STATE	RISKY	Per-sample wait inside the sustained-audio poll loop; same frame-locked-runtime dependency as the other BLOOD sites.
e2e/tests/blood-audio-output.spec.ts :: pressAndSample :: waitForTimeout(settleMs) #1	STATE	RISKY	Settle after simulating a keypress before sampling; BLOOD game state (and therefore what the keypress caused) advances one tic per rendered frame.
e2e/tests/blood-mount.spec.ts :: BLOOD card mounts, idle surface paints, and boots out-of-box from bundled shareware :: waitForTimeout(200) #1	STATE	RISKY	Poll-loop wait checking for a framebuffer hash change (menu idle animation); frame-locked runtime, so wait duration determines how many menu frames actually render.
e2e/tests/blood-mount.spec.ts :: BLOOD card mounts, idle surface paints, and boots out-of-box from bundled shareware :: waitForTimeout(800) #1	STATE	RISKY	Settle before the first framebuffer sample; same frame-locked runtime.runFrame() dependency as the rest of BLOOD.
e2e/tests/bluebox.spec.ts :: bluebox: clicking "5" produces 770 + 1336 Hz peaks at the scope :: waitForTimeout(200) #1	STATE	-	Worklet/engine warm-up settle before the silence baseline and key press; poll scope RMS near zero instead.
e2e/tests/bluebox.spec.ts :: bluebox: clicking BLUEBOX produces a 2600 Hz dominant peak :: waitForTimeout(200) #1	STATE	-	Same warm-up-before-key-press pattern.
e2e/tests/bluebox.spec.ts :: bluebox: clicking REDBOX produces 1700 + 2200 Hz peaks :: waitForTimeout(200) #1	STATE	-	Same warm-up-before-key-press pattern.
e2e/tests/bluebox.spec.ts :: bluebox: setting btn_5 param directly drives the tone (no UI click) :: waitForTimeout(200) #1	STATE	-	Same warm-up-before-key-press pattern.
e2e/tests/bluebox.spec.ts :: pollBandAmp :: waitForTimeout(50) #1	STATE	-	Already an explicit poll loop reading readScopeChannel/bandAmp; convert the inner sleep to expect.poll own interval.
e2e/tests/bridge-late-materialization.spec.ts :: edge added in a SEPARATE transaction AFTER the source node still wires + delivers signal :: waitForTimeout(400) #1	STATE	-	Settle after forcing __nibblesForceLength before reading the bridged scope channel; poll readScopeCh1 for non-null.
e2e/tests/bridge-late-materialization.spec.ts :: edge added in a SEPARATE transaction AFTER the source node still wires + delivers signal :: waitForTimeout(400) #2	STATE	-	Second forced-param settle in the same test; same poll fix.
e2e/tests/bridge-late-materialization.spec.ts :: edge added in a SEPARATE transaction AFTER the source node still wires + delivers signal :: waitForTimeout(600) #1	STATE	-	Settle after a separate-transaction edge add before the bridge is expected connected; poll for the bridge wired state.
e2e/tests/bridge-late-materialization.spec.ts :: edge patched BEFORE target node spawned still delivers signal once target appears :: waitForTimeout(400) #1	STATE	-	Settle after the node-mount waitForFunction before reading the bridged channel; poll instead.
e2e/tests/bridge-late-materialization.spec.ts :: edge patched BEFORE target node spawned still delivers signal once target appears :: waitForTimeout(800) #1	STATE	-	Comment: let the bridge wire up plus analyser sample, before reading; poll the scope channel for readiness.
e2e/tests/buggles.spec.ts :: buggles: SMOOTH output modulates VCA amplitude :: waitForTimeout(1800) #1	PACING	-	Needs several woggle-clock cycles (an internal setInterval-driven clock, packages/web/src/lib/audio/modules/buggles.ts) at the test rate=0.6 knob to manifest amplitude modulation.
e2e/tests/buggles.spec.ts :: buggles: SMOOTH output produces a slowly-varying voltage :: waitForTimeout(1800) #1	PACING	-	Same woggle-clock cycle requirement as the VCA-modulation case, same module packages/web/src/lib/audio/modules/buggles.ts.
e2e/tests/buggles.spec.ts :: buggles: STEPPED output produces varying voltages over time (chaos > 0) :: waitForTimeout(1500) #1	PACING	-	Comment: give the woggle scheduler time to fire several events -- the internal setInterval-driven woggle clock in packages/web/src/lib/audio/modules/buggles.ts, rate=0.7 knob (about 10Hz).
e2e/tests/buggles.spec.ts :: pollScopePeak :: waitForTimeout(50) #1	STATE	-	Retry-after-navigation-error branch of the poll loop; convert to a bounded page-ready poll.
e2e/tests/buggles.spec.ts :: pollScopePeak :: waitForTimeout(50) #2	STATE	-	Main per-iteration wait of the poll loop; convert to expect.poll own interval.
e2e/tests/cable-drag-panel-lock.spec.ts :: click opens the menu; hover alone does not; outside-click closes :: waitForTimeout(150) #1	STATE	-	Negative proof (hover alone must not open the chrome); convert to a bounded stability-check on the chrome element count rather than a blind sleep.
e2e/tests/cable-drag-panel-lock.spec.ts :: click opens the menu; hover alone does not; outside-click closes :: waitForTimeout(300) #1	STATE	-	Negative proof that no hover-close timer exists (there is none in the product); assert the chrome stays visible via a stability-poll over the window.
e2e/tests/chromaconsole.spec.ts :: chromaconsole: repeating a value puts no second message on the wire (graph-coalesced) :: waitForTimeout(300) #1	STATE	-	Comment: give a redundant message every chance to appear -- a negative proof; convert to a bounded stability-poll on readCapturedCcs rather than one flat sleep.
e2e/tests/chromaconsole.spec.ts :: chromaconsole: with NO matching port, auto-detect selects nothing rather than guessing :: waitForTimeout(300) #1	STATE	-	Same negative-proof pattern for the no-port-selected case.
e2e/tests/chromaconsole.spec.ts :: chromaconsole: with NO output selected, a write sends nothing and is RECORDED undelivered :: waitForTimeout(300) #1	STATE	-	Same negative-proof pattern for the disconnected-port case.
e2e/tests/clap.spec.ts :: CLAP real chain: SEQUENCER → trigger_in → AUDIOOUT — audible RMS + clap-band-dominant spectrum :: waitForTimeout(60) #1	STATE	-	Per-iteration wait inside the spectral energy-scoring poll loop; convert to expect.poll own interval.
e2e/tests/clear.spec.ts :: clear after voice demo removes all nodes + edges :: waitForTimeout(300) #1	STATE	-	Settle after fileMenuClick(workflow-file-clear) before asserting an empty canvas; poll node/edge counts directly.
e2e/tests/clip-automation.spec.ts :: CV exclusion: an LFO CV cable driving the assigned module records NOTHING while its lane records; a MIDI twist of the same knob records :: waitForTimeout(3500) #1	STATE	-	Negative proof over 2+ clip loops that CV modulation is never recorded; convert to a bounded stability-poll on readAutoTrackKeys rather than one flat sleep.
e2e/tests/clip-automation.spec.ts :: collectCountdown :: waitForTimeout(60) #1	STATE	-	Already a page-evaluate-per-iteration poll loop reading laneArmCountdownColor; convert the inner sleep to expect.poll own interval.
e2e/tests/clip-automation.spec.ts :: per-clip automation: a MIDI CC on an automated param suspends only that param until the twist idles; CC-idle resumes :: waitForTimeout(220) #1	STATE	-	Settle for the held CC override to reach its new value before sampling; no named idle-detection constant found -- poll readParam for convergence instead.
e2e/tests/clip-automation.spec.ts :: per-clip automation: grabbing an on-screen fader suspends only its playback until RELEASE; the other keeps playing :: waitForTimeout(220) #1	STATE	-	Settle for the grabbed fader dragged value to land before sampling; poll readParam for the target value.
e2e/tests/clip-automation.spec.ts :: per-clip automation: on stop the param HOLDS its last automated value — no snap to default/zero :: waitForTimeout(400) #1	PACING	-	Mirrors SEAM_GLIDE_S (12ms) plus the stop-tick holdLastValue call, both defined in packages/web/src/lib/audio/modules/clip-automation-engine.ts line 43 and used at clipplayer.ts line 523.
e2e/tests/clip-automation.spec.ts :: per-clip automation: switching clips in a lane swaps to the NEW clip’s own envelope (each clip carries its own) :: waitForTimeout(500) #1	PACING	-	Comment cites the exact constant: glide is about 12ms -- SEAM_GLIDE_S in packages/web/src/lib/audio/modules/clip-automation-engine.ts line 43.
e2e/tests/clip-automation.spec.ts :: sampleDivergence :: waitForTimeout(intervalMs) #1	STATE	-	Poll-sampling helper (page.evaluate per iteration) measuring two nodes param divergence; convert to expect.poll or a page-side sampling loop.
e2e/tests/clip-automation.spec.ts :: sampleSpread :: waitForTimeout(intervalMs) #1	STATE	-	Same poll-sampling helper pattern, single-node spread.
e2e/tests/clip-automation.spec.ts :: sweepCc :: waitForTimeout(60) #1	STATE	-	Generates a synthetic MIDI CC sweep (signal generation, not a readiness wait); move the loop page-side rather than a Playwright-side per-iteration sleep.
e2e/tests/clipplayer-grid-stability.spec.ts :: dock full-view: a pad click does not move the grid (and the sampler can see it if it does) :: waitForTimeout(120) #1	STATE	-	Settle after a verified pane scroll before re-reading the rAF sampler; poll the sampler span value.
e2e/tests/clipplayer-grid-stability.spec.ts :: dock full-view: a pad click does not move the grid (and the sampler can see it if it does) :: waitForTimeout(500) #1	PACING	-	Comment cites the exact constant: past the 220ms single-click launch debounce, defined in packages/web/src/lib/ui/modules/ClipplayerCard.svelte line 361 (the setTimeout(..., 220) in onPadClick).
e2e/tests/clipplayer-grid-stability.spec.ts :: slowDblClick :: waitForTimeout(gapMs) #1	STATE	-	Simulates the gap between two physical clicks for a double-click gesture; not a readiness wait -- parameterized test-gesture timing, convert case-by-case at call sites.
e2e/tests/clipplayer-rate-reset.spec.ts :: reset gate input: clock edges hold the playhead at the top; removing them frees it :: waitForTimeout(50) #1	STATE	-	Per-iteration wait inside the maxSeen-holds-near-top sampling loop; convert to a page-side sampling loop or expect.poll.
e2e/tests/clipplayer-rate-reset.spec.ts :: waitForEngine :: waitForTimeout(50) #1	STATE	-	Generic engine-value poll helper; convert to expect.poll on the real engine key.
e2e/tests/clipplayer-songmode.spec.ts :: song mode: OVERDUB keeps the take + merges new launches (vs REPLACE wiping it) :: waitForTimeout(150) #1	STATE	-	Comment: let the clear-on-arm tick land first -- no named ms constant found for the arm-clear tick; poll clipMode/arrangement state instead.
e2e/tests/clipplayer-songmode.spec.ts :: song mode: OVERDUB keeps the take + merges new launches (vs REPLACE wiping it) :: waitForTimeout(300) #1	STATE	-	Settle after launching lane1 clip before reading arrangement.events; poll for the expected event count.
e2e/tests/clipplayer-songmode.spec.ts :: song mode: OVERDUB keeps the take + merges new launches (vs REPLACE wiping it) :: waitForTimeout(400) #1	STATE	-	Settle after launching lane0 clip before launching lane1; poll for the first launch playing state.
e2e/tests/clipplayer-songmode.spec.ts :: song mode: arming RECORD captures clip launches into the arrangement :: waitForTimeout(150) #1	STATE	-	Same clear-on-arm-tick settle as the OVERDUB case.
e2e/tests/clipplayer-songmode.spec.ts :: song mode: arming RECORD captures clip launches into the arrangement :: waitForTimeout(500) #1	STATE	-	Settle after launching lane0 clip before launching lane1; poll for playing state.
e2e/tests/clipplayer-songmode.spec.ts :: song mode: arming RECORD captures clip launches into the arrangement :: waitForTimeout(500) #2	STATE	-	Settle after launching lane1 clip before reading arrangement.events; poll for the expected event count.
e2e/tests/clouds-face.spec.ts :: settleThenPeak :: waitForTimeout(60) #1	STATE	-	Per-iteration wait inside the max-peak sampling window loop; convert to expect.poll own interval.
e2e/tests/clouds-face.spec.ts :: settleThenPeak :: waitForTimeout(settleMs) #1	STATE	-	Pre-settle before the peak-sampling window; poll the scope for first non-zero RMS instead of a caller-supplied ms.
e2e/tests/cloudseed-face.spec.ts :: recalling a preset writes ALL 46 params into the graph, and a later knob edit survives :: waitForTimeout(600) #1	STATE	-	Settle for the post-recall knob edit to survive before reading graphParams; poll the param value for stability instead of a blind 600ms.
e2e/tests/cofefve.spec.ts :: COFEFVE feedback amount audibly lengthens the wet echo tail :: waitForTimeout(600) #1	PACING	-	Mirrors the module own delayTime param (test sets 0.12s) -- the delay line must physically fill before the tap carries signal; DSP defined in packages/web/src/lib/audio/modules/cofefve.ts line 187.
e2e/tests/cofefve.spec.ts :: COFEFVE feedback amount audibly lengthens the wet echo tail :: waitForTimeout(900) #1	PACING	-	Same delayTime-fill mechanism after raising feedback to 0.9, needing more real time for the regenerated echo tail to reach steady state; packages/web/src/lib/audio/modules/cofefve.ts lines 187 and 219.
e2e/tests/cofefve.spec.ts :: COFEFVE wet echo is audible with dry muted (only the delayed path carries signal) :: waitForTimeout(500) #1	PACING	-	Comment cites the exact interval: past the 150 ms tap -- the test own delayTime=0.15 on the module defined at packages/web/src/lib/audio/modules/cofefve.ts line 187.
e2e/tests/collab.spec.ts :: layouts: A and B independently drag; each sees own override :: waitForTimeout(500) #1	STATE	-	Cross-context CRDT sync settle before reading B view of A layout override; poll the peer position value instead.
e2e/tests/collab.spec.ts :: layouts: A and B independently drag; each sees own override :: waitForTimeout(500) #2	STATE	-	Same cross-context sync settle, both pages, before reading both positions.
e2e/tests/collab.spec.ts :: layouts: A drags node, B does not see it move (per-user layout split) :: waitForTimeout(500) #1	STATE	-	Same cross-context sync settle pattern.
e2e/tests/dock-pane-close-chrome.spec.ts :: the lane tile CLOSE pill still closes its module (chrome ✕ is in ADDITION, not instead) :: waitForTimeout(120) #1	STATE	-	setViewport is called with duration 0 (no CSS transition), so this is not a paint wait; it is a DOM/layout settle after the viewport mutation -- poll the tile bounding rect instead.
e2e/tests/drumseqz.spec.ts :: drumseqz → drummergirl → audioOut: gate1 fires audio when trk1 has any pulse :: waitForTimeout(400) #1	STATE	-	Comment: wait for at least one transient through the chain before sampling; poll gateValue via readEngine instead.
e2e/tests/drumseqz.spec.ts :: drumseqz → drummergirl → audioOut: gate1 fires audio when trk1 has any pulse :: waitForTimeout(50) #1	STATE	-	Per-iteration wait inside the 12-sample gateValue poll loop; convert to expect.poll own interval.
e2e/tests/dx7-syx-load.spec.ts :: dx7: uploading a 32-voice SYX populates the dropdown + selecting different patches changes the audible waveform :: waitForTimeout(100) #1	STATE	-	Per-iteration wait inside the USER_00 energy poll loop; convert to expect.poll own interval.
e2e/tests/dx7-syx-load.spec.ts :: dx7: uploading a 32-voice SYX populates the dropdown + selecting different patches changes the audible waveform :: waitForTimeout(100) #2	STATE	-	Per-iteration wait inside the USER_15 energy poll loop; same fix.
e2e/tests/dx7-syx-load.spec.ts :: dx7: uploading a 32-voice SYX populates the dropdown + selecting different patches changes the audible waveform :: waitForTimeout(1500) #1	STATE	-	Comment: give the worklet about 1.5s to clear voices, retrigger, and refill the scope -- no matching product constant (master release defaults to 5ms); poll scope energy instead of a blind pre-wait ahead of the adjacent poll loop.
e2e/tests/dx7.spec.ts :: dx7: sequencer (poly) → DX7 → audioOut produces audible RMS :: waitForTimeout(100) #1	STATE	-	Per-iteration wait inside the RMS poll loop; convert to expect.poll own interval.
e2e/tests/dx7.spec.ts :: dx7: switching algorithm changes the audible scope content :: waitForTimeout(100) #1	STATE	-	Per-iteration wait inside the algo-1 frame-energy poll loop; same fix.
e2e/tests/dx7.spec.ts :: dx7: switching algorithm changes the audible scope content :: waitForTimeout(100) #2	STATE	-	Per-iteration wait inside the algo-32 frame poll loop; same fix.
e2e/tests/dx7.spec.ts :: dx7: switching algorithm changes the audible scope content :: waitForTimeout(800) #1	STATE	-	Pre-wait ahead of the algo-32 poll loop, placed to avoid a stale-frame false match per the adjacent comment; fold into the poll loop own leading iterations instead of a blind pre-wait.
e2e/tests/edges.spec.ts :: CV params route through the patch store :: waitForTimeout(120) #1	STATE	-	Settle after a raw Yjs param mutation before reading it back; poll the store snapshot instead.
e2e/tests/edges.spec.ts :: captureEdges :: waitForTimeout(700) #1	PAINT	-	Comment says a handful of rAFs so the SHAPES → EDGES → OUTPUT chain renders -- an explicit renderer/rAF settle; use waitFrames(page, n).
e2e/tests/filter-cv-depth.spec.ts :: cutoff_cv_amt scales the cutoff CV — full depth sweeps, depth 0 mutes the jack :: waitForTimeout(100) #1	STATE	-	Per-iteration wait inside the worklet-warm poll loop (rms above 0.001); convert to expect.poll own interval.
e2e/tests/filter-cv-depth.spec.ts :: cutoff_cv_amt scales the cutoff CV — full depth sweeps, depth 0 mutes the jack :: waitForTimeout(600) #1	PACING	-	Comment cites the exact mechanism: the DSP ~7 Hz one-pole (si.smoo) needs a few hundred ms to settle -- packages/dsp/src/filter.dsp line 13, documented at packages/web/src/lib/audio/modules/filter.ts line 16.
e2e/tests/filter-cv-depth.spec.ts :: rmsSpread :: waitForTimeout(70) #1	STATE	-	Per-iteration wait inside the min/max RMS-spread sampling loop; convert to a page-side sampling loop or expect.poll.
e2e/tests/filter-cv-depth.spec.ts :: setParam :: waitForTimeout(150) #1	STATE	-	Generic settle after a raw __patch mutation; poll readParam for the new value.
e2e/tests/four-modules.spec.ts :: CHARLOTTE'S ECHOS: passes signal through and produces echo tail :: waitForTimeout(50) #1	STATE	-	Per-iteration wait inside the peak above 0.001 poll loop; convert to expect.poll own interval.
e2e/tests/four-modules.spec.ts :: MEOWBOX: gate triggers audible voice on L output :: waitForTimeout(800) #1	STATE	-	Comment: wait for several gate triggers plus ring-out -- no named constant; convert to the same poll-loop pattern already used elsewhere in this file (readScopePeak until above threshold).
e2e/tests/four-modules.spec.ts :: MIXMSTRS: multiple instances allowed — both materialize in engine :: waitForTimeout(800) #1	STATE	-	Settle before counting engine nodes; poll the engine node count instead.
e2e/tests/four-modules.spec.ts :: MIXMSTRS: passes channel 1 through to master out :: waitForTimeout(500) #1	STATE	-	Settle after patch setup before reading scope peak; poll readScopePeak for above threshold.
e2e/tests/four-modules.spec.ts :: TIMELORDE: 1x output emits gate pulses at the configured BPM :: waitForTimeout(120) #1	STATE	-	Per-iteration wait inside the 2s peak above 0.5 poll loop; convert to expect.poll own interval.
e2e/tests/foxy-freeze-locks-wavetable.spec.ts :: frozen wavetable: 2s-apart snapshots equal; unfreeze: snapshot differs :: waitForTimeout(1500) #1	PACING	-	Comment: 1.5s is well beyond BRIDGE_MS=42*32=1.3s -- BRIDGE_MS=42 defined at packages/web/src/lib/audio/modules/foxy.ts line 237.
e2e/tests/foxy-freeze-locks-wavetable.spec.ts :: frozen wavetable: 2s-apart snapshots equal; unfreeze: snapshot differs :: waitForTimeout(2000) #1	PACING	-	Proves wtFrames stay identical across about 47 BRIDGE_MS (42ms) cycles while frozen; same constant, packages/web/src/lib/audio/modules/foxy.ts line 237.
e2e/tests/foxy-freeze-locks-wavetable.spec.ts :: frozen wavetable: 2s-apart snapshots equal; unfreeze: snapshot differs :: waitForTimeout(2000) #2	PACING	-	Proves the live wavetable resumes updating for 2s after unfreeze, same BRIDGE_MS-paced factory cadence, packages/web/src/lib/audio/modules/foxy.ts line 237.
e2e/tests/foxy-freeze-locks-wavetable.spec.ts :: frozen wavetable: 2s-apart snapshots equal; unfreeze: snapshot differs :: waitForTimeout(300) #1	PACING	-	Comment: BRIDGE_MS=42 throttle so up to 42ms can elapse, 300ms covers it -- same constant, packages/web/src/lib/audio/modules/foxy.ts line 237.
e2e/tests/frogger.spec.ts :: frogger: BUGGLES.clock patched into start_gate restarts the game :: waitForTimeout(2000) #1	STATE	-	Comment: wait for BUGGLES.clock to fire several pulses -- BUGGLES rate is user-set, not a fixed constant; poll frogger tick count instead. Game module, but its tick fires off SchedulerClock (TICK_MS=25, packages/web/src/lib/audio/scheduler-clock.ts line 41) not the render frame, so not RISKY.
e2e/tests/frogger.spec.ts :: frogger: BUGGLES.clock patched into start_gate restarts the game :: waitForTimeout(300) #1	STATE	-	Settle after auto-start before reading the frogger snapshot; poll isGameInPlay instead.
e2e/tests/frogger.spec.ts :: frogger: auto-starts on spawn (no user input — isGameInPlay flips + sprites advance) :: waitForTimeout(1500) #1	STATE	-	Comment: tick must advance plus sprites should evolve before re-reading the snapshot; poll tick for an increase instead.
e2e/tests/frogger.spec.ts :: frogger: auto-starts on spawn (no user input — isGameInPlay flips + sprites advance) :: waitForTimeout(500) #1	STATE	-	Comment: within about 500ms the auto-start has fired before reading the first snapshot; poll isGameInPlay/spriteCount instead.
e2e/tests/gibribbon.spec.ts :: gibribbon: card mounts cleanly + 1024×576 canvas renders the white ribbon :: waitForTimeout(300) #1	PACING	-	Comment: the card polls the framebuffer at 30 Hz -- setInterval(pollStatus, 33) at packages/web/src/lib/ui/modules/GibribbonCard.svelte line 70.
e2e/tests/gibribbon.spec.ts :: pulse :: waitForTimeout(8) #1	STATE	-	Sets a discrete gate edge width, not a readiness wait; no named product constant -- move the rising/falling edge pair into one page-side evaluate with an in-page delay.
e2e/tests/gibribbon.spec.ts :: pulse :: waitForTimeout(8) #2	STATE	-	Falling-edge half of the same pulse helper; same fix.
e2e/tests/gl-feedback-loop.spec.ts :: the default workflow rack emits ZERO GL feedback-loop errors :: waitForTimeout(OBSERVE_MS) #1	PAINT	-	Just needs N renderer frames to run so a GL feedback-loop console error has a chance to fire; no simulation state is asserted, so waitFrames(page, n) is a safe, behavior-preserving swap.
e2e/tests/illogic.spec.ts :: illogic: LFO → in1 → att1 (gain=1) produces audible signal at scope :: waitForTimeout(1000) #1	STATE	-	Comment: let several LFO cycles flow through -- LFO rate is test-configured, not a fixed constant; poll readScopeStats for peak above threshold instead.
e2e/tests/illogic.spec.ts :: illogic: att1_amount=-1 still produces audible signal (sign-flipped) :: waitForTimeout(1000) #1	STATE	-	Same LFO-cycles-then-read pattern.
e2e/tests/illogic.spec.ts :: illogic: att1_amount=0 mutes the att1 output :: waitForTimeout(700) #1	STATE	-	Settle before confirming att1 output is silenced; poll readScopeStats for peak below threshold.
e2e/tests/illogic.spec.ts :: illogic: two LFOs → in1+in2 → sum produces summed audible signal :: waitForTimeout(1500) #1	STATE	-	Comment: long enough for both LFOs beat pattern to manifest -- poll readScopeStats instead of a blind sleep.
e2e/tests/karplus-face.spec.ts :: maxHold :: waitForTimeout(60) #1	STATE	-	Per-iteration wait inside the peak/rms max-hold poll loop; convert to expect.poll own interval.
e2e/tests/karplus.spec.ts :: KARPLUS real chain: SEQUENCER gate+pitch → pluck → AUDIOOUT — audible RMS + in-tune fundamental :: waitForTimeout(60) #1	STATE	-	Per-iteration wait inside the spectral energy-scoring poll loop; convert to expect.poll own interval.
e2e/tests/kickdrum-face.spec.ts :: maxHold :: waitForTimeout(60) #1	STATE	-	Per-iteration wait inside the peak/rms max-hold poll loop; convert to expect.poll own interval.
e2e/tests/kickdrum.spec.ts :: KICK DRUM real chain: SEQUENCER → trigger_in → stereo AUDIOOUT — audible RMS + sub-dominant spectrum :: waitForTimeout(60) #1	STATE	-	Per-iteration wait inside the spectral energy-scoring poll loop; convert to expect.poll own interval.
e2e/tests/launchpad-keys-record.spec.ts :: @launchpad KEYS record — queue-record captures played notes into the clip; they SOUND on the next loop :: waitForTimeout(120) #1	STATE	-	Simulated key hold duration before release; no named product debounce found -- poll for the note recorded effect instead of a fixed hold.
e2e/tests/launchpad-keys-record.spec.ts :: @launchpad KEYS record — queue-record captures played notes into the clip; they SOUND on the next loop :: waitForTimeout(120) #2	STATE	-	Gap after release before the next key press; same fix.
e2e/tests/launchpad-keys-record.spec.ts :: @launchpad single-unit KEYS — enter from the Clip KEYS button, live keys AUDIBLE, overdub-record captures notes :: waitForTimeout(120) #1	STATE	-	Same simulated key-hold pattern for the single-unit variant.
e2e/tests/launchpad-keys-record.spec.ts :: @launchpad single-unit KEYS — enter from the Clip KEYS button, live keys AUDIBLE, overdub-record captures notes :: waitForTimeout(120) #2	STATE	-	Same post-release gap for the single-unit variant.
e2e/tests/launchpad-perf-controls.spec.ts :: waitForEngine :: waitForTimeout(50) #1	STATE	-	Generic engine-value poll helper; convert to expect.poll on the real engine key.
e2e/tests/launchpad-perf-controls.spec.ts :: waitForEngineAll :: waitForTimeout(50) #1	STATE	-	Same poll-helper pattern for the multi-key variant.
e2e/tests/lfo-modulation-visible.spec.ts :: LFO modulating DRUMMERGIRL volume visibly moves the volume fader thumb :: waitForTimeout(140) #1	STATE	-	Per-iteration wait inside the 12-sample fader-thumb-offset poll loop; convert to expect.poll own interval.
e2e/tests/lfo-modulation-visible.spec.ts :: LFO modulating DRUMMERGIRL volume visibly moves the volume fader thumb :: waitForTimeout(300) #1	STATE	-	Pre-settle before the sampling loop starts; poll for the fader to begin moving instead of a blind pre-wait.
e2e/tests/lfo-modulation-visible.spec.ts :: LFO modulating QBRT cutoff visibly moves the cutoff fader thumb :: waitForTimeout(300) #1	STATE	-	Same pre-settle-before-sampling pattern for the QBRT fader.
e2e/tests/lfo-modulation-visible.spec.ts :: sampleFaderThumbTops :: waitForTimeout(intervalMs) #1	STATE	-	Poll-sampling helper (reads thumb offset each iteration); convert to expect.poll or a page-side sampling loop.
e2e/tests/load-patch.spec.ts :: @load cold-load: clicking Load as the first user action produces audio :: waitForTimeout(100) #1	STATE	-	Per-iteration wait inside the rms above 0.001 poll loop; convert to expect.poll own interval.
e2e/tests/lushgarden.spec.ts :: continuous mode: plants spawn at RATE and the clean preview renders non-black :: waitForTimeout(700) #1	PACING	-	Comment: one grow-in plus a few blits -- GROW_IN_S=0.35 (350ms ease-out) defined at packages/web/src/lib/video/modules/lushgarden-scene.ts line 138.
e2e/tests/lushgarden.spec.ts :: grow gate: [GATED] badge, rate-spawning stops, one plant per rising edge, reset clears :: waitForTimeout(1200) #1	STATE	-	Proves the stopped growSeq clock yields no further spawns; growSeq 30 BPM is test-configured, not a product default -- convert to a stability-poll on spawnCount over the window.
e2e/tests/lushgarden.spec.ts :: grow gate: [GATED] badge, rate-spawning stops, one plant per rising edge, reset clears :: waitForTimeout(1500) #1	PACING	-	Comment cites the exact constant: default rate 2/s giving a 500ms period, hold 1.5s -- RATE_DEFAULT=2 defined at packages/web/src/lib/video/modules/lushgarden-scene.ts line 159.
e2e/tests/lushgarden.spec.ts :: grow gate: [GATED] badge, rate-spawning stops, one plant per rising edge, reset clears :: waitForTimeout(700) #1	STATE	-	Comment: absorb any in-flight edge, then anchor, before the frozen-count baseline; no named constant -- poll spawnCount for stability instead.
e2e/tests/lushgarden.spec.ts :: waitForProbe :: waitForTimeout(80) #1	STATE	-	Already an explicit retry loop reading readProbe; convert the inner sleep to expect.poll own interval.
e2e/tests/macseq.spec.ts :: macseq → macrooscillator: every MODEL_NAMES entry is reachable via MODELCV :: waitForTimeout(100) #1	STATE	-	Playwright-side poll loop breaking on bestPeak>0.005; convert to expect.poll on the scope RMS/peak.
e2e/tests/macseq.spec.ts :: macseq: HOLD-LAST policy — null model on a step holds the previous MODELCV value :: waitForTimeout(30) #1	STATE	-	Samples modelCv every 30ms over 15 iterations to catch the held value 8; move the sampling page-side / expect.poll for the held value appearing.
e2e/tests/menu-viewport-clamp.spec.ts :: clip editor menus inside the dock full-view pane stay fully in view (owner case, ?shell=1) :: waitForTimeout(350) #1	PACING	-	Comment already cites the 220ms single-click launch debounce; confirmed setTimeout(...,220) in packages/web/src/lib/ui/modules/ClipplayerCard.svelte:361, plus layout settle margin.
e2e/tests/menu-viewport-clamp.spec.ts :: panNodeTo :: waitForTimeout(120) #1	STATE	-	Settle after an instant (duration:0) viewport reposition; convert to expect.poll on the node clamped bounding-box position.
e2e/tests/meowbox.spec.ts :: Sequencer → MEOWBOX → Scope → AudioOut produces audible RMS via the new pitch cable :: waitForTimeout(100) #1	STATE	-	Poll loop breaking on rms>0.0005; convert to expect.poll on the scope RMS reading.
e2e/tests/meowbox.spec.ts :: knob pitch ≡ CV pitch: +12 semi knob (no CV) sounds same RMS as +1V CV (knob=0) :: waitForTimeout(600) #1	STATE	-	Settle after setSeqPattern before measuring window RMS peak (Config A); convert to expect.poll threshold on scope RMS.
e2e/tests/meowbox.spec.ts :: knob pitch ≡ CV pitch: +12 semi knob (no CV) sounds same RMS as +1V CV (knob=0) :: waitForTimeout(600) #2	STATE	-	Same settle pattern for Config B (CV cable); convert to expect.poll threshold on scope RMS.
e2e/tests/meowbox.spec.ts :: peakRmsOverWindow :: waitForTimeout(intervalMs) #1	STATE	-	Fixed 12-sample Playwright-side window measuring peak RMS; move the sampling page-side per the repo poll-loop-starves-the-subject rule.
e2e/tests/meowbox.spec.ts :: waitForVOct :: waitForTimeout(40) #1	STATE	-	Deadline+tolerance poll loop; convert to expect.poll on the sequencer V/oct output.
e2e/tests/midi-cv-buddy.spec.ts :: midi-cv-buddy: clicking Connect does not crash the card :: waitForTimeout(300) #1	STATE	-	Settle for the MIDI permission promise to settle; real fix is awaiting the connect() call resolving on its own rather than a blind wait.
e2e/tests/midi-lane.spec.ts :: midi-lane: clicking Connect does not crash the card :: waitForTimeout(300) #1	STATE	-	Same non-crash settle pattern as midi-cv-buddy; convert to awaiting the connect() promise.
e2e/tests/midi-learn-note.spec.ts :: MIDI assign: a card BUTTON (DRUMSEQZ PLAY) binds a NOTE that TOGGLES the param :: waitForTimeout(30) #1	STATE	-	After a note-off, hard-reads isPlaying immediately after; convert to expect.poll(isPlaying).
e2e/tests/midi-learn-note.spec.ts :: MIDI assign: a card BUTTON (DRUMSEQZ PLAY) binds a NOTE that TOGGLES the param :: waitForTimeout(40) #1	STATE	-	After a different-note injection, hard-reads isPlaying stays 0; convert to expect.poll.
e2e/tests/midi-learn-note.spec.ts :: MIDI assign: a card BUTTON (DRUMSEQZ PLAY) binds a NOTE that TOGGLES the param :: waitForTimeout(40) #2	STATE	-	After forget-binding + note-on, hard-reads isPlaying stays 0; convert to expect.poll.
e2e/tests/midi-learn-note.spec.ts :: MIDI assign: a gate INPUT row binds a NOTE (binding materializes + bound state) :: waitForTimeout(30) #1	PACING	-	CORRECTED (was DEAD, verified false): SUSTAINED-NEGATIVE — a DIFFERENT note is injected and the binding must STILL be 48; the following expect.poll converges at t=0, so the wait IS the assertion. Deleting it makes the test vacuous.
e2e/tests/midi-learn-note.spec.ts :: MIDI assign: a gate INPUT row binds a NOTE (binding materializes + bound state) :: waitForTimeout(30) #2	STATE	-	Settle after note-off before the end-of-test console-error check; no clean observable but closest bucket.
e2e/tests/midi-learn.spec.ts :: MIDI Learn: right-click a knob → learn → CC drives the param + badge shows + tracks :: waitForTimeout(50) #1	STATE	-	After an off-target CC injection, hard-reads the morph param; convert to expect.poll.
e2e/tests/midi-learn.spec.ts :: MIDI Learn: right-click a knob → learn → CC drives the param + badge shows + tracks :: waitForTimeout(50) #2	STATE	-	After forget-binding + off-target CC, hard-reads morph stays unchanged; convert to expect.poll.
e2e/tests/midi.spec.ts :: @midi MIDI Clock pulses drive midi-clock-source BPM derivation :: waitForTimeout(50) #1	STATE	-	After mockMidi.stop(), reads derived BPM; convert to expect.poll(bpm === null).
e2e/tests/midi.spec.ts :: @midi NoteOn / NoteOff drives MIDI-CV-BUDDY gate :: waitForTimeout(50) #1	STATE	-	Settle between injected noteOn and noteOff calls; convert to expect.poll on the gate state.
e2e/tests/midi.spec.ts :: @midi NoteOn / NoteOff drives MIDI-CV-BUDDY gate :: waitForTimeout(50) #2	STATE	-	Settle after noteOff before the final console-error check.
e2e/tests/midi.spec.ts :: @midi REGRESSION: page load never requests Web-MIDI access :: waitForTimeout(300) #1	PACING	-	Comment cites COFEFVE DELAY syncPeriod poll; confirmed setInterval(pushSyncPeriod, 16) in packages/web/src/lib/audio/modules/cofefve.ts:538.
e2e/tests/modulation.spec.ts :: lfo: phase0 emits a non-trivial AC waveform at the configured rate :: waitForTimeout(800) #1	STATE	-	Settle for the LFO CV to reach SCOPE and accumulate samples before reading stats; convert to expect.poll on scope stats.
e2e/tests/multi-output.spec.ts :: LINES->OUT-A and INWARDS->OUT-B render independent content :: waitForTimeout(800) #1	PAINT	-	Comment: Allow several rAF ticks for both cards to drive their per-card blits; convert to waitFrames.
e2e/tests/multi-output.spec.ts :: unpatched second OUTPUT shows idle pattern, patched first OUTPUT shows source :: waitForTimeout(800) #1	PAINT	-	Same rAF-blit settle pattern (VISUAL confirmation, LOCAL ONLY); convert to waitFrames.
e2e/tests/multi-video-playback.spec.ts :: 4x VIDEOVARISPEED -> MIXER: every source advances + mixer shows moving video + audio is produced :: waitForTimeout(150) #1	STATE	-	Loop breaking on out.peak>0.01; convert to expect.poll on the terminal output peak.
e2e/tests/multi-video-playback.spec.ts :: 4x VIDEOVARISPEED -> MIXER: every source advances + mixer shows moving video + audio is produced :: waitForTimeout(600) #1	STATE	-	Settle before the per-source deterministic decode/audio-wired phase; convert to expect.poll on the already-used readNode hasKeepAlive/audioWired.
e2e/tests/multi-video-playback.spec.ts :: outAdvances :: waitForTimeout(150) #1	STATE	-	Loop breaking on maxBright>40 && distinct signatures>=2; convert to an expect.poll-style helper.
e2e/tests/multi-video-playback.spec.ts :: scale: 10x VIDEOVARISPEED all advance (local only) :: waitForTimeout(800) #1	STATE	-	Settle after wiring N=10 sources before per-source outAdvances polling begins; likely removable since outAdvances has its own 8000ms deadline.
e2e/tests/nibbles-cv-scope.spec.ts :: SCOPE ch1 sample tracks lengthToCv(length) at the sweep extremes :: waitForTimeout(400) #1	STATE	-	Settle for the cross-domain CV bridge to bind and SCOPE analyser to sample before reading ch1; convert to expect.poll.
e2e/tests/nibbles-cv-scope.spec.ts :: ch1 sample is monotonic across the 5-step CV sweep used by composite VRT :: waitForTimeout(400) #1	STATE	-	Same settle pattern before the 5-step sweep loop begins.
e2e/tests/nibbles-cv-scope.spec.ts :: setForcedLength :: waitForTimeout(150) #1	PACING	-	Comment explicitly cites the SCOPE analyser 2048-sample buffer; confirmed analyser1.fftSize=2048 in packages/web/src/lib/audio/modules/scope.ts:174-175 (~42-46ms refill span).
e2e/tests/noise.spec.ts :: noise: LEVEL=0 silences output :: waitForTimeout(500) #1	STATE	-	Settle then hard-reads scope peak<0.005; convert to expect.poll for the peak to settle low.
e2e/tests/note-entry.spec.ts :: hold-cv: pitch port retains last gated V/oct across an off step :: waitForTimeout(800) #1	STATE	-	Wait for the sequencer to fire step 0 pattern (240 BPM 16ths); convert to expect.poll on the pitch port value.
e2e/tests/note-entry.spec.ts :: note-entry: a4 step drives the pitch port to V/oct 0.75 (MIDI 69 - 60 = 9 semis up) :: waitForTimeout(800) #1	STATE	-	Same sequencer-step-wait pattern before reading the pitch port.
e2e/tests/note-entry.spec.ts :: note-entry: invalid step (midi=null) suppresses gate output even when on=true :: waitForTimeout(400) #1	STATE	-	Negative-control window (gate must never go high); convert to page-side sampling asserting the gate stays 0 across ticks.
e2e/tests/outlines.spec.ts :: COLLIDE gate HIGH keeps the dense field rendering (live inter-circle bounce wires through) :: waitForTimeout(70) #1	STATE	-	Spaces 8 synthetic gate pulses so the dt-driven outlines-sim physics has real time to move and collide; no discrete per-iteration observable, uncertain fit.
e2e/tests/outlines.spec.ts :: COLLIDE gate HIGH keeps the dense field rendering (live inter-circle bounce wires through) :: waitForTimeout(70) #2	STATE	-	Same gate-pulse-spacing pattern for the COLLIDE-LOW variant loop.
e2e/tests/outlines.spec.ts :: gate spawns circles; OVERLAP / CONTOUR / COMBINE all ring; MAPPED shows the video input where overlapped :: waitForTimeout(80) #1	STATE	-	Same gate-pulse-spacing pattern (8 iterations) before the OVERLAP/CONTOUR checks.
e2e/tests/outlines.spec.ts :: rate=0 stays black until a GATE fires (gate-only spawn) :: waitForTimeout(60) #1	STATE	-	Same gate-pulse-spacing pattern (6 iterations) before the black-until-gate check.
e2e/tests/outlines.spec.ts :: waitForLuma :: waitForTimeout(160) #1	STATE	-	Deadline+predicate poll loop; convert to expect.poll on meanLuma.
e2e/tests/patch-load-leak.spec.ts :: readCountersOnce :: waitForTimeout(300) #1	STATE	-	Settle for GC finalizers and queued detach work per its own comment (wall-clock is the right unit); no product-side constant found, weak but closest-fit bucket.
e2e/tests/patch-load-leak.spec.ts :: the counters track what they claim to — instrument negative control :: waitForTimeout(1500) #1	STATE	-	Idle-noise-floor measurement window (two readings 1.5s apart); no single threshold, closest bucket is STATE with page-side accumulation preferred.
e2e/tests/patch-menu-ux.spec.ts :: clicking the patch-trigger opens the menu; hover alone does not :: waitForTimeout(200) #1	STATE	-	Negative control proving hover alone does not open the menu; needs a real elapsed window, no clean poll target.
e2e/tests/patch-panel.spec.ts :: both triggers open the same menu (shared state) :: waitForTimeout(150) #1	STATE	-	Same hover-vs-click negative-control pattern for the right-side trigger.
e2e/tests/peertube.spec.ts :: audio_l/audio_r -> AUDIO OUT: real HLS-stream energy reaches the terminal output (capability-gated) @video :: waitForTimeout(120) #1	STATE	-	Loop breaking on out.peak>0.01; convert to expect.poll.
e2e/tests/pentemelodica.spec.ts :: pentemelodica: a POLYSEQZ chord drives the stereo OUT :: waitForTimeout(40) #1	STATE	-	Scope-peak sampling loop (30 iterations); convert to expect.poll on scope peak.
e2e/tests/picturebox-asset-select.spec.ts :: fireAssetGate :: waitForTimeout(80) #1	PACING	-	Comment: more than one 33ms card poll tick so the edge is seen; confirmed the 33ms shared ticker in packages/web/src/lib/ui/modules/PictureboxCard.svelte:106.
e2e/tests/picturebox-asset-select.spec.ts :: waitForLuma :: waitForTimeout(120) #1	STATE	-	Deadline+predicate poll loop; convert to expect.poll on meanLuma.
e2e/tests/picturebox-gif.spec.ts :: a static image renders and does NOT animate (regression) :: waitForTimeout(700) #1	STATE	-	Negative control comparing two luma reads 700ms apart; no single poll target, needs a real gap between samples.
e2e/tests/picturebox-gif.spec.ts :: sampleLumaOverTime :: waitForTimeout(everyMs) #1	STATE	-	Fixed-count Playwright-side sampling loop measuring min/max luma over a window; move the sampling page-side.
e2e/tests/poly-chord.spec.ts :: poly-chord: backward-compat - polyPitchGate source -> mono pitch sink routes lane 0 (root) :: waitForTimeout(600) #1	STATE	-	Wait for the sequencer to fire step 0 pattern; convert to expect.poll on lane pitch/gate.
e2e/tests/poly-chord.spec.ts :: poly-chord: maj triad on a4 emits 4 gated lanes with M3 + P5 + octave intervals :: waitForTimeout(600) #1	STATE	-	Same sequencer-step-wait pattern.
e2e/tests/poly-chord.spec.ts :: poly-chord: min step on a4 emits c5 (m3) instead of c#5 (M3) :: waitForTimeout(600) #1	STATE	-	Same sequencer-step-wait pattern.
e2e/tests/polyseqz.spec.ts :: polyseqz: Cmaj step emits 5 gated lanes with C/E/G/C/E V/oct :: waitForTimeout(600) #1	STATE	-	Same sequencer-step-wait pattern.
e2e/tests/polyseqz.spec.ts :: polyseqz: backward-compat — poly → mono pitch auto-routes lane 0 (root) :: waitForTimeout(600) #1	STATE	-	Same sequencer-step-wait pattern.
e2e/tests/polyseqz.spec.ts :: polyseqz: humanize=0 keeps gates synchronous; humanize=1 spreads them :: waitForTimeout(120) #1	STATE	-	Fixed-count Playwright-side sampling loop collecting humanize-offset observations; move the sampling page-side.
e2e/tests/polyseqz.spec.ts :: polyseqz: humanize=0 keeps gates synchronous; humanize=1 spreads them :: waitForTimeout(800) #1	STATE	-	Settle after the humanize=0 baseline transact before reading offsetsAtZero; convert to expect.poll.
e2e/tests/polyseqz.spec.ts :: polyseqz: humanize=0 keeps gates synchronous; humanize=1 spreads them :: waitForTimeout(800) #2	STATE	-	Settle after the humanize=1 transact before starting the observation-sampling loop.
e2e/tests/present-second-display.spec.ts :: setup :: waitForTimeout(500) #1	PAINT	-	Comment: Let the OUTPUT card rAF render the source frame into its canvas; convert to waitFrames.
e2e/tests/rear-view-patching.spec.ts :: enterRearView :: waitForTimeout(420) #1	PACING	-	Comment cites the ~360ms flip-in keyframe; confirmed FLIP_MS=360 (mirrors card-front/back-flip-in duration in _module-card.css) in packages/web/src/lib/ui/Canvas.svelte:8764.
e2e/tests/recorderbox.spec.ts :: RECORDERBOX records a real VCO + ACIDWARP into a crash-recoverable MP4 :: waitForTimeout(2500) #1	STATE	-	Real-time recording-duration wait (~2.5s of frames plus audio); convert to expect.poll on recorded fragment/byte presence.
e2e/tests/reshaper-shapedramps.spec.ts :: linear (h_lin/v_lin) wiring acts like a clean raster passthrough :: waitForTimeout(800) #1	PAINT	-	Comment: Allow several rAF ticks before sampling, we wait longer than that for CI stability; convert to waitFrames.
e2e/tests/reshaper-shapedramps.spec.ts :: onboard mix1 crossfades two LINES into RESHAPER.x and reacts to mix1 knob :: waitForTimeout(400) #1	PAINT	-	Repaint settle after the mix1 param change before reading canvas stats, same rAF-settle family used elsewhere in this file.
e2e/tests/reshaper-shapedramps.spec.ts :: onboard mix1 crossfades two LINES into RESHAPER.x and reacts to mix1 knob :: waitForTimeout(800) #1	PAINT	-	Initial rAF-settle before baseline canvas stats (same family).
e2e/tests/reshaper-shapedramps.spec.ts :: shaped wiring renders a non-uniform deformed coordinate field :: waitForTimeout(800) #1	PAINT	-	Same rAF-settle pattern before reading the deformed-field canvas stats.
e2e/tests/ringback.spec.ts :: RINGBACK: mix=0 passes the input through; sweeping the crush params stays error-free :: waitForTimeout(120) #1	STATE	-	Settle between each of 4 extreme param combos in the sweep loop; no per-iteration observable, weak fit.
e2e/tests/ringback.spec.ts :: RINGBACK: mix=0 passes the input through; sweeping the crush params stays error-free :: waitForTimeout(400) #1	STATE	-	Settle before window-measuring the dry passthrough RMS via readScopePeakOverWindow.
e2e/tests/rings.spec.ts :: pollScopePeak :: waitForTimeout(50) #1	STATE	-	Error-recovery backoff after Execution context was destroyed before retrying the read.
e2e/tests/rings.spec.ts :: pollScopePeak :: waitForTimeout(50) #2	STATE	-	Classic deadline+threshold poll loop (best.peak>threshold break); convert to expect.poll.
e2e/tests/rings.spec.ts :: rings: model switch (MODAL ↔ SYMPATHETIC) — both produce audio :: waitForTimeout(300) #1	PACING	-	CORRECTED (was DEAD, verified false): the scope still rings from MODAL at the switch, so pollScopePeak can return the MODAL tail; this wait is what separates the two measurements. Assertion is unsound for a second reason — see #2112.
e2e/tests/samsloop-download.spec.ts :: record → DOWNLOAD → WAV file lands with valid RIFF/WAVE header :: waitForTimeout(500) #1	STATE	-	Real-time recording-duration wait before STOP; convert to expect.poll on recorded bytesLen.
e2e/tests/samsloop-memory-bench.spec.ts :: per-instance heap cost — spawn 20 SAMSLOOPs with worst-case payload :: waitForTimeout(3000) #1	PACING	-	Comment: let the engine actually instantiate and ship samples to worklets; mirrors the factory poll, confirmed POLL_MS=200 in packages/web/src/lib/audio/modules/samsloop.ts:931 (N=20 nodes need several 200ms cycles).
e2e/tests/samsloop-memory-bench.spec.ts :: per-instance heap cost — spawn 20 SAMSLOOPs with worst-case payload :: waitForTimeout(500) #1	STATE	-	Settle for worklet module load and AudioContext warm-up before the baseline heap read; no cited constant, observable is ctx state/worklet-ready.
e2e/tests/samsloop-memory-bench.spec.ts :: readHeap :: waitForTimeout(150) #1	STATE	-	Small settle so finalizers finish after forced GC; no product-side constant, weak but closest-fit bucket.
e2e/tests/samsloop-persistence.spec.ts :: recorded sample survives save → reload round-trip :: waitForTimeout(500) #1	STATE	-	Real-time recording-duration wait before STOP; convert to expect.poll on recorded bytesLen.
e2e/tests/samsloop-record.spec.ts :: DOWNLOAD button enabled only after a successful recording :: waitForTimeout(400) #1	STATE	-	Recording-duration wait before STOP; convert to expect.poll on bytesLen>0.
e2e/tests/samsloop-record.spec.ts :: REC → wait → STOP commits bytes + waveform has visible trace :: waitForTimeout(700) #1	STATE	-	Capture ~700ms of noise recording-duration wait; convert to expect.poll on bytesLen.
e2e/tests/samsloop-record.spec.ts :: a RECORDED sample PLAYS — record → trigger → audible at the output :: waitForTimeout(600) #1	PACING	-	Comment: the factory polls node.data every 200 ms; confirmed POLL_MS=200 in packages/web/src/lib/audio/modules/samsloop.ts:931.
e2e/tests/samsloop-record.spec.ts :: a RECORDED sample PLAYS — record → trigger → audible at the output :: waitForTimeout(700) #1	STATE	-	Record ~700ms of noise recording-duration wait before STOP.
e2e/tests/samsloop-record.spec.ts :: the RACK budget, EMPTY rack: full length, no note, records :: waitForTimeout(400) #1	STATE	-	Recording-duration wait before STOP.
e2e/tests/samsloop-window.spec.ts :: a RECORDED take bounds both window faders to its OWN frame count, not to 1 :: waitForTimeout(800) #1	STATE	-	Recording-duration wait before STOP.
e2e/tests/samsloop-window.spec.ts :: a RECORDED take bounds both window faders to its OWN frame count, not to 1 :: waitForTimeout(900) #1	PACING	-	Comment: let the factory 200 ms poll decode and post the take; confirmed POLL_MS=200 in packages/web/src/lib/audio/modules/samsloop.ts:931.
e2e/tests/samsloop-window.spec.ts :: dragFader :: waitForTimeout(250) #1	PAINT	-	Comment: the commit pump is rAF-coalesced and flushed on pointerup, one frame plus a reconcile microtask; convert to waitFrames.
e2e/tests/samsloop.spec.ts :: REC button is present and clicking it does not crash the card :: waitForTimeout(150) #1	STATE	-	Brief recording window before STOP plus non-crash/error check.
e2e/tests/samsloop.spec.ts :: idle-by-default: a loaded sample stays SILENT until the TRIGGER button produces audio :: waitForTimeout(600) #1	PACING	-	Comment: engine factory poll (~200ms) time to decode and push the buffer into the worklet; confirmed POLL_MS=200 in packages/web/src/lib/audio/modules/samsloop.ts:931.
e2e/tests/samsloop.spec.ts :: per-rackspace cap: adding samsloop #21 surfaces "sorry, SAMSLOOP limit exceeded" :: waitForTimeout(300) #1	STATE	-	Settle for rack-budget state to reflect 20 spawned nodes before attempting #21; convert to expect.poll on node/budget count.
e2e/tests/samsloop.spec.ts :: rate param accepts a reverse value (varispeed) without errors :: waitForTimeout(200) #1	STATE	-	Settle after rate=-1.5 transact before reading the live engine value; convert to expect.poll.
e2e/tests/samsloop.spec.ts :: uploads a WAV → filename appears + waveform renders trace pixels :: waitForTimeout(300) #1	STATE	-	Effect-driven redraw settle before counting waveform pixels; convert to expect.poll on countWaveformPixels.
e2e/tests/scaler-cv-passthrough.spec.ts :: AMOUNT scales the CV reaching LINES.orient — high AMOUNT moves orient more than low (dead-knob regression) :: waitForTimeout(300) #1	STATE	-	Settle after setAmount(1) before sampleOrientSpan; convert to poll-based settle on readOrient stabilizing.
e2e/tests/scaler-cv-passthrough.spec.ts :: AMOUNT scales the CV reaching LINES.orient — high AMOUNT moves orient more than low (dead-knob regression) :: waitForTimeout(300) #2	STATE	-	Settle after setAmount(3) before sampleOrientSpan.
e2e/tests/scaler-cv-passthrough.spec.ts :: AMOUNT scales the CV reaching LINES.orient — high AMOUNT moves orient more than low (dead-knob regression) :: waitForTimeout(600) #1	STATE	-	Settle so the cross-domain CV bridge binds and the LFO analyser fills before the AMOUNT sweep; no specific bridge-analyser constant located, closest bucket.
e2e/tests/scaler-cv-passthrough.spec.ts :: sampleOrientSpan :: waitForTimeout(intervalMs) #1	STATE	-	Fixed-count Playwright-side sampling loop over the LFO CV sweep; move the sampling page-side.
e2e/tests/scope-tuner.spec.ts :: SCOPE with no signal shows em-dashes :: waitForTimeout(400) #1	PACING	-	Comment: one polling cycle (>=200ms); confirmed pitchTimer=setInterval(...,100) in packages/web/src/lib/ui/modules/ScopeCard.svelte:162.
e2e/tests/scope-xy-intensity.spec.ts :: INTENSITY sweep: 7:00 dot lights far fewer pixels than 5:00 long trail :: waitForTimeout(350) #1	PAINT	-	Phosphor persistence trail (scope-draw.ts intensityToPersistScreens/phosphorAlpha) needs real rendered frames to reach the new intensity steady trail length before sampling.
e2e/tests/scope-xy-intensity.spec.ts :: INTENSITY sweep: 7:00 dot lights far fewer pixels than 5:00 long trail :: waitForTimeout(350) #2	PAINT	-	Same trail-settle pattern for the 12:00 (default) intensity setting.
e2e/tests/scope-xy-intensity.spec.ts :: INTENSITY sweep: 7:00 dot lights far fewer pixels than 5:00 long trail :: waitForTimeout(350) #3	PAINT	-	Same trail-settle pattern for the 5:00 (max) intensity setting.
e2e/tests/scope-xy-intensity.spec.ts :: INTENSITY sweep: 7:00 dot lights far fewer pixels than 5:00 long trail :: waitForTimeout(400) #1	PAINT	-	Initial trail settle before starting the intensity sweep.
e2e/tests/scope-xy-intensity.spec.ts :: X/Y mode draws a non-trivial Lissajous from two oscillators :: waitForTimeout(500) #1	PAINT	-	Settle for the canvas trace/trail to build up after mount.
e2e/tests/scope-xy-intensity.spec.ts :: X/Y mode draws a non-trivial Lissajous from two oscillators :: waitForTimeout(500) #2	PAINT	-	Settle after switching to XY mode before reading trace stats.
e2e/tests/score.spec.ts :: score: bar overflow rejected — second whole note in the same bar does NOT add :: waitForTimeout(150) #1	STATE	-	Wait a beat for any animation / state propagation, then hard-reads notes.length; convert to expect.poll.
e2e/tests/score.spec.ts :: score: currently-playing note highlight tracks engine.read currentNoteId :: waitForTimeout(700) #1	STATE	-	Sequencer-step-wait pattern before reading currentNoteId; convert to expect.poll.
e2e/tests/score.spec.ts :: score: stop-bar + loop=off stops playback at end of sequence :: waitForTimeout(800) #1	STATE	-	Wait well past end-of-sequence then hard-reads isPlaying; convert to expect.poll.
e2e/tests/score.spec.ts :: score: stop-bar + loop=on wraps tickIndex back to 0 at end of sequence :: waitForTimeout(1500) #1	STATE	-	Wait long enough for several wraps then reads tickIndex; convert to expect.poll for the wrap condition.
e2e/tests/scoreboard.spec.ts :: waitForCounter :: waitForTimeout(80) #1	STATE	-	Classic deadline+predicate poll loop; convert to expect.poll.
e2e/tests/sequencer-clock-without-play.spec.ts :: ${}: play_cv patched + clock patched + play_cv LOW → does NOT advance (play_cv overrides) :: waitForTimeout(800) #1	STATE	-	Negative control (must not advance); convert to page-side sampling asserting the advances count stays constant.
e2e/tests/sequencer-clock.spec.ts :: sequencer-clock: external clock advances slower sequencer at the faster rate :: waitForTimeout(600) #1	STATE	-	Settle for the chain to run before reading seqBStep; convert to expect.poll.
e2e/tests/sequencer-clock.spec.ts :: sequencer-clock: without chain, sequencer uses internal BPM :: waitForTimeout(600) #1	STATE	-	Same settle pattern before reading the step.
e2e/tests/sequencer-pages.spec.ts :: drumseqz: HOLD freezes visible page while playhead advances :: waitForTimeout(200) #1	STATE	-	Settle between two totalAdvances reads; convert to expect.poll.
e2e/tests/sequencer-playhead-alignment.spec.ts :: all sequencers: playhead is exposed via engine.read("currentStep") (smoke + audit guard) :: waitForTimeout(250) #1	STATE	-	Wait for at least one tick; convert to expect.poll on currentStep being a number.
e2e/tests/shapegen-clock.spec.ts :: rising edges regenerate; within-hold window holds; stopped clock freezes regen count :: waitForTimeout(1500) #1	STATE	-	Regen-count measurement window in the stopped-clock series; convert to page-side sampling.
e2e/tests/shapegen-clock.spec.ts :: rising edges regenerate; within-hold window holds; stopped clock freezes regen count :: waitForTimeout(1500) #2	STATE	-	Same measurement-window series, third reading.
e2e/tests/shapegen-clock.spec.ts :: rising edges regenerate; within-hold window holds; stopped clock freezes regen count :: waitForTimeout(2000) #1	STATE	-	Let any pending edge land and the next would-be pulse window pass, settle before the stopped-clock measurement series.
e2e/tests/shapegen-clock.spec.ts :: rising edges regenerate; within-hold window holds; stopped clock freezes regen count :: waitForTimeout(4000) #1	STATE	-	Regen/emitted-pulse delta measurement window; the 500ms period cited derives from a BPM=30 chosen by the test, not a fixed product constant, so not PACING.
e2e/tests/shapegen-clock.spec.ts :: waitForRegen :: waitForTimeout(80) #1	STATE	-	Classic deadline+predicate poll loop; convert to expect.poll.
e2e/tests/shapegen.spec.ts :: SIZE + ROT knobs mutate params via the patch store :: waitForTimeout(100) #1	STATE	-	CORRECTED (was DEAD): real debt but not a deletion — the cellshade precedent (PR #1788) converts this write-transact-then-read shape to one expect.poll(...).toEqual({...}).
e2e/tests/shapegen.spec.ts :: SOLIDS toggle changes the rendered pixel content :: waitForTimeout(300) #1	PAINT	-	Settle for the canvas2D render loop to repaint at the new solids value before sampling luma.
e2e/tests/shapegen.spec.ts :: SOLIDS toggle changes the rendered pixel content :: waitForTimeout(400) #1	PAINT	-	Settle initial render comment before capturing the WIREFRAME-mode baseline luma.
e2e/tests/shapegen.spec.ts :: spawns + card mounts + preview canvas paints without errors :: waitForTimeout(400) #1	PAINT	-	Comment: let the rAF loop tick a few frames so the canvas2D paint runs; convert to waitFrames.
e2e/tests/shared-clock.spec.ts :: resetEpoch on one tab snaps the other tab to phase ≈ 0 :: waitForTimeout(1500) #1	STATE	-	Let phases run forward a bit so a snap-to-zero is meaningful; convert to expect.poll for the LFO phase becoming non-zero.
e2e/tests/snaredrum-face.spec.ts :: hold :: waitForTimeout(60) #1	STATE	-	Fixed-window Playwright-side sampling loop (POLLS_PER_WINDOW iterations); move the sampling page-side.
e2e/tests/snaredrum-face.spec.ts :: snaredrum face: the dock HIT and HOLD-TO-ROLL pads audition an UNPATCHED snare, and HARD writes the graph :: waitForTimeout(SLOW_RENDER ? 2500 : 1200) #1	PACING	-	Comment: the tail rings out naturally, allow a settling window; mirrors head_decay/body_decay/wire_decay (defaults 180/110/260ms to -60dB) in packages/web/src/lib/audio/modules/snaredrum.ts:100-107.
e2e/tests/snaredrum-roll.spec.ts :: SNARE DRUM real chain: SEQUENCER held gate → gate_in → CONTINUOUS two-hand roll (L + R, no gaps) :: waitForTimeout(700) #1	STATE	-	Settle for sequencer, roll and wire-bed to establish before the continuity poll starts counting.
e2e/tests/snaredrum-roll.spec.ts :: pollStereo :: waitForTimeout(pollMs) #1	STATE	-	Fixed-window Playwright-side sampling loop tracking stereo min/max; move the sampling page-side.
e2e/tests/snh-hold.spec.ts :: ch1MinMaxOverWindow :: waitForTimeout(pollMs) #1	STATE	-	Fixed-window Playwright-side sampling loop; move the sampling page-side.
e2e/tests/snh-hold.spec.ts :: setup :: waitForTimeout(500) #1	STATE	-	Bind the bridge and start sounding settle; convert to expect.poll on ch1 becoming non-null.
e2e/tests/snh-hold.spec.ts :: setup :: waitForTimeout(600) #1	STATE	-	Settle after setTransport call before continuing.
e2e/tests/soak.spec.ts :: soak: voice patch produces finite, in-range audio over 30s :: waitForTimeout(POLL_INTERVAL_MS) #1	STATE	-	Per-tick soak sampling loop over 30s checking finite/in-range audio each tick; a page-side accumulation candidate per the repo poll-loop warning.
e2e/tests/stereo-autowire.spec.ts :: an only-L and an only-R cable from DIFFERENT sources coexist on one input :: waitForTimeout(300) #1	STATE	-	Reload-free settle, nothing reconciles them away negative control; convert to expect.poll/negative-control sampling on the graph edges.
e2e/tests/sticky-note.spec.ts :: sticky reconcile: no console errors when spawning a sticky-only patch :: waitForTimeout(150) #1	STATE	-	Give the microtask-scheduled reconcile a chance to fire before checking accumulated console errors; no clean observable, closest bucket.
e2e/tests/tempo-stability.spec.ts :: tempo-stability: ${} drops the past-due backlog under a stall > lookahead, never bunches (#229/#224) :: waitForTimeout(400) #1	PACING	-	Let the catch-up tick and a couple normal steps run; mirrors LOOKAHEAD_S=0.2 in packages/web/src/lib/audio/modules/sequencer.ts:337 (and sibling modules) plus TICK_MS=25 in packages/web/src/lib/audio/scheduler-clock.ts:41.
e2e/tests/tempo-stability.spec.ts :: tempo-stability: ${} drops the past-due backlog under a stall > lookahead, never bunches (#229/#224) :: waitForTimeout(500) #1	PACING	-	Recovery: keep advancing in-tempo after the stall; same LOOKAHEAD_S/TICK_MS scheduler mechanism as above.
e2e/tests/tempo-stability.spec.ts :: tempo-stability: ${} drops the past-due backlog under a stall > lookahead, never bunches (#229/#224) :: waitForTimeout(600) #1	PACING	-	Let the lookahead window fill normally for about half a second first; same LOOKAHEAD_S=0.2 citation (sequencer.ts:337).
e2e/tests/tempo-stability.spec.ts :: tempo-stability: baseline (no jank) sequencer advance rate matches BPM :: waitForTimeout(RUN_MS) #1	PACING	-	Measures the sustained advance rate driven by the scheduler TICK_MS=25 (scheduler-clock.ts:41) / per-module LOOKAHEAD_S=0.2 (sequencer.ts:337) mechanism; a real wall-clock window is inherent to a rate measurement.
e2e/tests/textmarquee.spec.ts :: BOLD toolbar applies a bold run to the selection :: waitForTimeout(400) #1	PACING	-	mirrors the TextMarqueeCard persistModelDebounced 250ms timer before the toolbar acts, packages/web/src/lib/ui/modules/TextMarqueeCard.svelte:96.
e2e/tests/textmarquee.spec.ts :: CV params (scrollX / posX) route through the patch store :: waitForTimeout(120) #1	STATE	-	CORRECTED (was DEAD): same write-transact-then-read shape; the spec comment already cites "the cellshade spec's proven pattern".
e2e/tests/tidy-vco.spec.ts :: TIDY VCO mono chain: SEQUENCER gate+pitch → voice → audible RMS + in-tune fundamental :: waitForTimeout(60) #1	STATE	-	loop samples the scope buffer via goertzelPower each iteration; convert to a page-side expect.poll accumulating spectral scores until enough energetic frames are seen.
e2e/tests/timelorde-auto-spawn.spec.ts :: rack that already has TIMELORDE: no duplicate spawned on second mount :: waitForTimeout(750) #1	PACING	-	explicitly about 30 scheduler-clock ticks; TICK_MS=25 scheduler tick, packages/web/src/lib/audio/scheduler-clock.ts:44.
e2e/tests/timelorde-tap-tempo.spec.ts :: Spacebar taps the tempo ONLY when TIMELORDE is selected :: waitForTimeout(300) #1	STATE	-	gives an errant tap time to register before asserting BPM unchanged; sustained-no-change check, no product constant applies.
e2e/tests/timelorde-tap-tempo.spec.ts :: external clock DISABLES tap (button greyed + click & space are no-ops) :: waitForTimeout(400) #1	STATE	-	same must-not-change pattern after forcing taps against a disabled control; convert to a sustained expect.poll(readBpm), no product constant found.
e2e/tests/timelorde-tap-tempo.spec.ts :: pressSpace :: waitForTimeout(gapMs) #1	PACING	-	the gap between synthetic Space taps must be real elapsed time for the tap-tempo median-interval math (TAP_RESET_MS=2000), packages/web/src/lib/electra/tap-tempo.ts:27.
e2e/tests/timelorde-video.spec.ts :: VIDEO OUT passes the live feed through to a downstream OUTPUT (in → display → out) :: waitForTimeout(1200) #1	STATE	-	waiting for the downstream OUTPUT canvas to show non-blank passthrough pixels; convert to expect.poll(canvasStats(outCanvas)).
e2e/tests/timelorde-video.spec.ts :: patching video_in flips the display from the OWL to the LIVE FEED, and back :: waitForTimeout(700) #1	STATE	-	waiting for the live-feed canvas to render non-blank pixels after the display flips modes; convert to expect.poll(canvasStats(...)).
e2e/tests/timelorde-video.spec.ts :: renders the owl painting when nothing is patched into video_in :: waitForTimeout(700) #1	STATE	-	waiting for the owl-painting canvas to be readable/non-blank; convert to expect.poll(canvasStats(display)).
e2e/tests/tomtom.spec.ts :: TOM DRUM real chain: SEQUENCER → trigger_in → AUDIOOUT — audible RMS + tom-band-dominant spectrum :: waitForTimeout(60) #1	STATE	-	same spectral-scoring poll loop pattern as tidy-vco; convert to a page-side expect.poll.
e2e/tests/tomtom.spec.ts :: a rack SAVED with STRIKE stuck at 1 still responds to trigger_in :: waitForTimeout(1500) #1	PACING	-	comment computes strike cadence from the SEQUENCER own 16th-note grid (stepDur=60/bpm/4) at the test BPM 120, packages/web/src/lib/audio/modules/kria.ts:376.
e2e/tests/toybox-disk-loading.spec.ts :: a BAD custom shaderSrc degrades gracefully (no crash) :: waitForTimeout(80) #1	PAINT	RISKY	loop forces one render via __toyboxFreeze(1.0) each iteration; TOYBOX has a real per-node ping-pong FBO feedback accumulator (toybox.ts per-feedback-node ping-pong float buffers), so an assumed frame count could diverge from the true accumulator state.
e2e/tests/toybox-node-batch.spec.ts :: settleFreeze :: waitForTimeout(200) #1	STATE	-	loop reads canvas average colour via average(page) each iteration until it diverges from idle and stabilises; already page-side, just needs expect.poll.
e2e/tests/toybox-node-controls.spec.ts :: assertKnobSticks :: waitForTimeout(250) #1	PACING	-	explicitly must outlast the debounce: ToyboxCard graph-wrap persistResize action debounces a store write 200ms, packages/web/src/lib/ui/modules/ToyboxCard.svelte:982.
e2e/tests/tv-librarian-audio.spec.ts :: audio_l/audio_r → AUDIO OUT: real energy reaches the terminal output :: waitForTimeout(120) #1	STATE	-	already a retry loop tracking scope/out peak with an early-exit break; convert to page-side expect.poll(readOutputStats).
e2e/tests/twotracks.spec.ts :: on spawn the module is idle — no transport LEDs active, playhead static :: waitForTimeout(500) #1	STATE	-	reads transportState before and after expecting no change; sustained-no-change expect.poll, no product constant found.
e2e/tests/unpatch-patch-point.spec.ts :: legacy patch panel: right-click UNPATCH works on a REAR-VIEW back-panel jack :: waitForTimeout(300) #1	STATE	-	after right-clicking an unpatched back jack, asserts no unpatch menu appeared; sustained-absence check, no product constant.
e2e/tests/unpatch-patch-point.spec.ts :: legacy patch panel: right-click UNPATCH works on a REAR-VIEW back-panel jack :: waitForTimeout(420) #1	PACING	-	explicitly the flip keyframe (about 360ms) must settle; FLIP_MS=360 mirrors the card-front/back-flip-in CSS keyframe, packages/web/src/lib/ui/Canvas.svelte:8764.
e2e/tests/unpatch-patch-point.spec.ts :: pollChannelRms :: waitForTimeout(40) #1	STATE	-	already a manual retry loop reading mixer channel levels via page.evaluate each iteration; convert to page-side expect.poll.
e2e/tests/unpatch-patch-point.spec.ts :: rear card: a fanned-out OUTPUT lists every cable + "Unpatch all (N)", stays viewport-clamped, and an unpatched hole opens NO menu :: waitForTimeout(300) #1	STATE	-	right-clicks an unpatched hole then asserts no unpatch menu opened; sustained-absence check, no product constant.
e2e/tests/unpatch-patch-point.spec.ts :: rear card: right-click UNPATCH removes a lane's auto-wired POLY cable (and it stays gone); undo restores it :: waitForTimeout(2500) #1	STATE	-	waits to prove the reconciler does not snap the removed cable back; convert to a sustained expect.poll(edgeSummaries), no named product interval.
e2e/tests/unpatch-patch-point.spec.ts :: rear card: unpatching POLY silences the note path at the mixer channel meter :: waitForTimeout(2500) #1	STATE	-	let the engine and reconciler settle before polling channel RMS for silence; convert to expect.poll wrapping pollChannelRms, no named product interval.
e2e/tests/vco-pitch-tracking.spec.ts :: measureVcoAt :: waitForTimeout(400) #1	STATE	-	waiting for worklet load, pitch CV propagation and analyser warm-up before reading the scope snapshot; convert to expect.poll on the engine read.
e2e/tests/vfpga-floorplan.spec.ts :: switching to a richer fabric (sync-bender) re-draws the floorplan with its legend :: waitForTimeout(100) #1	STATE	-	already a retry loop with early exit on nonZeroFrac; convert to page-side expect.poll(floorplanStats).
e2e/tests/vfpga-floorplan.spec.ts :: the floorplan is off by default and toggles a non-blank tile-grid/nets diagram :: waitForTimeout(100) #1	STATE	-	same retry-loop pattern as above; convert to expect.poll(floorplanStats).
e2e/tests/vfpga-p3-composite.spec.ts :: ${}: bends the smpte source into distinct non-black output :: waitForTimeout(150) #1	STATE	RISKY	convergence loop polling outputFingerprint delta until above 6; BENT includes framestore-howl, a real per-frame register/ping-pong feedback fabric, packages/web/src/lib/video/vfpga/specs/framestore-howl.ts.
e2e/tests/vfpga-p3-composite.spec.ts :: ${}: bends the smpte source into distinct non-black output :: waitForTimeout(300) #1	PAINT	-	settle a couple frames so the reference is stable, captured against the smpte-bars reference program, not yet the bent fabric, so a plain render-settle wait.
e2e/tests/vfpga-p3-composite.spec.ts :: chroma-rot: clip B (vin2) chroma transplants onto image A (Y/C, two-source) :: waitForTimeout(150) #1	STATE	-	retry loop polling outputSaturation until desaturated below threshold; chroma-rot has no frame-store or register (verified in specs/chroma-rot.ts), not a feedback fabric.
e2e/tests/vfpga-p3-composite.spec.ts :: chroma-rot: clip B (vin2) chroma transplants onto image A (Y/C, two-source) :: waitForTimeout(600) #1	STATE	-	waiting for the B-saturated colour phase to settle before reading outputSaturation; no product constant found.
e2e/tests/vfpga-p3-composite.spec.ts :: chroma-rot: clip B (vin2) chroma transplants onto image A (Y/C, two-source) :: waitForTimeout(600) #2	STATE	-	same pattern for the desaturated phase, feeding the following retry loop.
e2e/tests/vfpga-p3-composite.spec.ts :: framestore-howl: sustained feedback does not leak (FBOs swapped in place) :: waitForTimeout(4_000) #1	PAINT	RISKY	runs the sustained per-frame register/ping-pong feedback loop, packages/web/src/lib/video/vfpga/specs/framestore-howl.ts, long enough to expose an FBO leak; the accumulated frame count is the point of the test.
e2e/tests/vfpga-p3-composite.spec.ts :: pollStats :: waitForTimeout(150) #1	STATE	RISKY	shared retry-loop helper used across all BENT programs including framestore-howl per-frame feedback fabric.
e2e/tests/vfpga-p4-early-hd.spec.ts :: ${}: bends the smpte source into distinct non-black output :: waitForTimeout(300) #1	PAINT	-	settle a couple frames so the reference is stable against the smpte-bars reference program, not the bent fabric itself.
e2e/tests/vfpga-p4-early-hd.spec.ts :: macroblock-mosh: clip B (vin2) motion transfers onto image A (two-clip datamosh) :: waitForTimeout(1500) #1	PAINT	RISKY	let the reference fully converge to steady A: macroblock-mosh is a per-frame register/frame-store recirculating fabric, packages/web/src/lib/video/vfpga/specs/macroblock-mosh.ts.
e2e/tests/vfpga-p4-early-hd.spec.ts :: macroblock-mosh: sustained feedback does not leak (FBOs swapped in place) :: waitForTimeout(4_000) #1	PAINT	RISKY	sustained-feedback FBO-leak pattern against macroblock-mosh per-frame recirculating fabric.
e2e/tests/vfpga-p4-early-hd.spec.ts :: pollStats :: waitForTimeout(150) #1	STATE	RISKY	shared retry-loop helper, also invoked while macroblock-mosh per-frame feedback fabric is loaded.
e2e/tests/vfpga-patchpanel-presets.spec.ts :: BUG 2: loading a non-default preset visibly changes OUTPUT away from the smpte test pattern :: waitForTimeout(150) #1	STATE	-	retry loop polling outputStats until mean diverges from baseline; preset under test (tmds-sparkle) is not a feedback fabric.
e2e/tests/vfpga-patchpanel-presets.spec.ts :: settleOutput :: waitForTimeout(150) #1	STATE	-	retry loop with early exit on nonZeroFrac; convert to expect.poll(outputStats).
e2e/tests/vfpga-runner.spec.ts :: the load-preset menu lists smpte-bars and re-applies it (hot-swap stays valid) :: waitForTimeout(150) #1	STATE	-	retry loop with early exit on nonZeroFrac; smpte-bars is a static generator, not a feedback fabric.
e2e/tests/video-audio-cvgate-coverage.spec.ts :: ${}: bridges into scope.ch1 (was silent pre-#414) :: waitForTimeout(100) #1	STATE	-	CV ramp settles before reading scope peak; convert to expect.poll(readScopePeak) reaching the ramp target.
e2e/tests/video-audio-cvgate-coverage.spec.ts :: ${}: bridges into scope.ch1 (was silent pre-#414) :: waitForTimeout(400) #1	STATE	-	generic engine and AudioContext settle (worker startup, analyser registration) before baseline read; no product constant found.
e2e/tests/video-audio-output.spec.ts :: VIDEOVARISPEED audio_l -> AUDIO OUT: real energy reaches the terminal output :: waitForTimeout(120) #1	STATE	-	retry loop tracking scope/out peak with an early-exit break; convert to page-side expect.poll.
e2e/tests/video-audio-output.spec.ts :: audio edge patched BEFORE the file loads still reaches the destination (saved-patch order) :: waitForTimeout(120) #1	STATE	-	same retry-loop pattern as above.
e2e/tests/video-controls.spec.ts :: FEEDBACK wet knob changes pixel pattern :: waitForTimeout(500) #1	PAINT	RISKY	FEEDBACK is a literal per-frame ping-pong accumulator (decay: per-frame multiplier on the previous-frame texture), packages/web/src/lib/video/modules/feedback.ts:26, so the pixel pattern depends on accumulated frames, not just elapsed ms.
e2e/tests/video-controls.spec.ts :: FEEDBACK wet knob changes pixel pattern :: waitForTimeout(800) #1	PAINT	RISKY	same FEEDBACK per-frame accumulator concern after raising wet to 1.0.
e2e/tests/video-full-frame.spec.ts :: Full Frame and Fullscreen are mutually exclusive (entering Fullscreen exits Full Frame) :: waitForTimeout(300) #1	PAINT	-	let any rAF blit tick before right-clicking the video surface; canvas needs live content.
e2e/tests/video-full-frame.spec.ts :: exercise :: waitForTimeout(300) #1	PAINT	-	same let rAF blit tick pattern before right-clicking the canvas.
e2e/tests/video-fullscreen-multimonitor.spec.ts :: setup :: waitForTimeout(300) #1	PAINT	-	waits after spawnPatch so VIDEO OUT has live rendered content before the fullscreen menu is exercised.
e2e/tests/video-fullscreen.spec.ts :: VIDEO OUT fullscreen at 16:9: buffer takes the 16:9 engine aspect :: waitForTimeout(400) #1	PAINT	-	let the rAF mirror the 16:9 engine dims before reading canvas aspect.
e2e/tests/video-fullscreen.spec.ts :: VIDEO OUT fullscreen: canvas buffer takes the ENGINE aspect (no top/bottom letterbox) :: waitForTimeout(400) #1	PAINT	-	let the rAF blit tick so the card has captured live engine dims before reading aspect.
e2e/tests/video-fullscreen.spec.ts :: exercise :: waitForTimeout(400) #1	PAINT	-	let the rAF blit tick so the canvas has live content before right-clicking for the context menu.
e2e/tests/video-hide-controls.spec.ts :: dragCorner :: waitForTimeout(150) #1	STATE	-	after a mouse drag-resize, waits before the caller reads the card new bounding box; convert to expect.poll on box size, no product constant.
e2e/tests/video-hide-controls.spec.ts :: hide -> resize -> dblclick restore :: waitForTimeout(120) #1	STATE	-	waits after a restore dblclick before reading node data (hideControls and resizedWidth cleared); convert to expect.poll(readNodeData).
e2e/tests/video-hide-controls.spec.ts :: inner canvas keeps aspect-fit after resize (engine 4:3) :: waitForTimeout(150) #1	STATE	-	waits after a direct data mutation (width/height) before reading the inner canvas size; convert to expect.poll on the canvas dims.
e2e/tests/video-orientation.spec.ts :: 2. SHAPES(triangle) -> BENTBOX is upright :: waitForTimeout(600) #1	PAINT	-	waits after spawnPatch for the canvas to render the triangle before analyzeTriangleOrientation reads pixels.
e2e/tests/video-orientation.spec.ts :: 3. SHAPES(triangle) -> BENTBOX -> OUTPUT is upright :: waitForTimeout(600) #1	PAINT	-	same render-settle pattern before pixel analysis.
e2e/tests/video-orientation.spec.ts :: 4. SHAPES(triangle) -> BENTBOX -> BENTBOX -> OUTPUT is upright :: waitForTimeout(600) #1	PAINT	-	same render-settle pattern before pixel analysis.
e2e/tests/videobox-upload-perf.spec.ts :: decode-rate uploads + engine sustains a smooth frame budget :: waitForTimeout(700) #1	STATE	-	let playback settle so the decode pipeline is in steady state before reading clip dims; convert to expect.poll on a decode-state read.
e2e/tests/videocube.spec.ts :: audio_out: the derived cube-slice drone produces audible RMS at a SCOPE :: waitForTimeout(1500) #1	STATE	-	let the rings fill and the worklet load before nudging a param and polling the scope; convert to expect.poll gating on worklet readiness.
e2e/tests/videocube.spec.ts :: audio_out: the derived cube-slice drone produces audible RMS at a SCOPE :: waitForTimeout(200) #1	STATE	-	already a retry loop with early exit on best.peak above 0.02; convert to page-side expect.poll.
e2e/tests/videocube.spec.ts :: scope_out: a video trace whose shape matches the audio wave :: waitForTimeout(200) #1	STATE	-	already a retry loop with early exit on hasWave and nonZeroFrac; convert to page-side expect.poll.
e2e/tests/videocube.spec.ts :: the VIEW / slice-ROT / SCAN-SPREAD joystick pads each drag BOTH axis params :: waitForTimeout(200) #1	PAINT	-	d3-zoom transform settle after a mouse-wheel zoom, before the following pad drags; no product constant found, a CSS-transform repaint wait.
e2e/tests/videovarispeed-crop.spec.ts :: crop output routes downstream, windows the frame, and the overlay is truthful :: waitForTimeout(300) #1	PAINT	-	waits after changing the crop region for the video-driven output to redraw before reading canvas stats.
e2e/tests/videovarispeed-crop.spec.ts :: crop output routes downstream, windows the frame, and the overlay is truthful :: waitForTimeout(400) #1	PAINT	-	waits after loadAndPlay for the video surface to start drawing before reading crop and engine state.
e2e/tests/videovarispeed-output.spec.ts :: 1× / 2× / 0.5× / reverse all keep VIDEO-OUT showing moving video :: waitForTimeout(500) #1	STATE	-	waits after setting speed=0 before assertReverseScrubAdvances; convert to expect.poll gating on engine state, no product constant.
e2e/tests/videovarispeed-output.spec.ts :: 1× / 2× / 0.5× / reverse all keep VIDEO-OUT showing moving video :: waitForTimeout(600) #1	PAINT	-	waits after loadAndPlay for the video surface to start advancing before the 1x/2x/reverse assertions.
e2e/tests/videovarispeed-output.spec.ts :: SPEED knob drives <video>.playbackRate (forward varispeed) :: waitForTimeout(400) #1	PAINT	-	waits after loadAndPlay for playback to start before setting SPEED and polling playbackRate.
e2e/tests/videovarispeed-output.spec.ts :: START/END window: playback stays inside [start, end] and loops :: waitForTimeout(120) #1	PAINT	-	fixed-count sampling loop (12 iterations) reading video.currentTime; needs real elapsed video-surface playback time between samples, not a boolean to poll.
e2e/tests/videovarispeed-output.spec.ts :: assertDownstreamMoving :: waitForTimeout(200) #1	STATE	-	already a retry loop with early exit on maxBrightness above 40 and sigs.size above 2; convert to page-side expect.poll.
e2e/tests/videovarispeed-output.spec.ts :: assertReverseScrubAdvances :: waitForTimeout(150) #1	STATE	-	already a retry loop with early exit on times.size above 2; convert to page-side expect.poll.
e2e/tests/videovarispeed-switch.spec.ts :: A → B → back-to-A keeps decoding + play/pause alive; switch-back lands on live time :: waitForTimeout(1200) #1	PAINT	-	lets slot 0 play and advance before switching away; video surface needs real playback time to accumulate.
e2e/tests/videovarispeed-switch.spec.ts :: A → B → back-to-A keeps decoding + play/pause alive; switch-back lands on live time :: waitForTimeout(600) #1	PAINT	-	let B playhead and A VIRTUAL playhead advance -- video surface playback time, not a boolean state.
e2e/tests/videovarispeed-switch.spec.ts :: switchToSlot :: waitForTimeout(80) #1	PACING	-	hold high across at least 2 of the card 33ms gate polls; VideoVarispeedCard asset_gate edge-detect setInterval is 33ms, packages/web/src/lib/ui/modules/VideoVarispeedCard.svelte:861.
e2e/tests/voice-chain-art.spec.ts :: voice-chain-art: deterministic patch matches fingerprint baseline :: waitForTimeout(250) #1	PACING	-	sample 8 buffers spaced 250ms apart, less than one step at 240 BPM; spacing mirrors the SEQUENCER stepDur (60/bpm/4) formula, packages/web/src/lib/audio/modules/kria.ts:376.
e2e/tests/voice-chain-art.spec.ts :: voice-chain-art: deterministic patch matches fingerprint baseline :: waitForTimeout(500) #1	STATE	-	warm up before starting the 8-sample loop; convert to expect.poll gating on the chain producing signal.
e2e/tests/voice-chain.spec.ts :: voice-chain: Seq → VCO + ADSR → VCA → Scope → Out produces audible signal :: waitForTimeout(1500) #1	PACING	-	at 240 BPM, about 24 16th-note steps -- mirrors the SEQUENCER stepDur (60/bpm/4) formula, packages/web/src/lib/audio/modules/kria.ts:376.
e2e/tests/voice-chain.spec.ts :: voice-chain: stopping the sequencer silences the output (gate goes low) :: waitForTimeout(500) #1	PACING	-	wait long enough for the ADSR release tail to die out (release=0.05s); mirrors the ADSR release stage param, packages/web/src/lib/audio/modules/adsr.ts:98.
e2e/tests/voice-chain.spec.ts :: voice-chain: stopping the sequencer silences the output (gate goes low) :: waitForTimeout(800) #1	STATE	-	confirm audio first before reading playingPeak; convert to expect.poll(readScopePeak above threshold).
e2e/tests/voice-pitch-accuracy.spec.ts :: ${} @ FACTORY DEFAULTS: sequenced ${} measures ≈ ${} Hz at the audible output :: waitForTimeout(700) #1	STATE	-	let the transport latch the pitch and open the first gate; convert to expect.poll gating on gate/pitch readiness.
e2e/tests/voice-pitch-accuracy.spec.ts :: ${} @ FACTORY DEFAULTS: sequenced ${} measures ≈ ${} Hz at the audible output :: waitForTimeout(90) #1	PACING	-	explicitly above the 2048-sample analyser span, fresh window each poll; SCOPE analyser fftSize=2048, packages/web/src/lib/audio/modules/scope.ts:174.
e2e/tests/waveform-trace-shape.spec.ts :: SCOPE -> OUTPUT renders waveform across many rows (not a flat line) :: waitForTimeout(1000) #1	STATE	-	waits for the trace to render before reading readTraceStats; convert to expect.poll gating on trace stats.
e2e/tests/workflow-channel-columns.spec.ts :: CV BUDDY lane: REAL clip lane taps the CV Buddy inputs + (with ES-9) its return reaches the channel :: waitForTimeout(1500) #1	STATE	-	let the chain run (CV out has no in-app RMS), no audio observable per the comment; convert to a sustained expect.poll(wcolEdges) persistence check, no product constant found.
e2e/tests/workflow-dock-occupancy.spec.ts :: panTileTo :: waitForTimeout(120) #1	PAINT	-	setViewport is called with duration:0 (instant); the wait is purely to let the browser paint the new transform before the caller measures position.
e2e/tests/workflow-dock-ux.spec.ts :: panTileTo :: waitForTimeout(120) #1	PAINT	-	same instant-setViewport paint-settle pattern as workflow-dock-occupancy panTileTo.
e2e/tests/workflow-dock.spec.ts :: REAR VIEW (Tab): patch INTO the docked card — pickup from its input back jack, commit on a canvas output :: waitForTimeout(450) #1	PACING	-	flip-in keyframe settles; FLIP_MS=360 CSS keyframe, packages/web/src/lib/ui/Canvas.svelte:8764.
e2e/tests/workflow-dock.spec.ts :: REAR VIEW (Tab): patch OUT of the docked card back jacks → canvas commit :: waitForTimeout(450) #1	PACING	-	same flip-in keyframe settle, FLIP_MS=360, packages/web/src/lib/ui/Canvas.svelte:8764.
e2e/tests/workflow-lane-add-safety.spec.ts :: tidyVco gets pitch{n}→poly AND gate{n}→gate; adsr gets the gate tap; batch-1 sweep :: waitForTimeout(400) #1	STATE	-	give the janitor a tick to not wire it before asserting no edge was added; sustained-absence check, no product debounce constant found for the auto-wire janitor.
e2e/tests/workflow-master-transport.spec.ts :: master transport drives audible clip playback through the real lane chain (${}) :: waitForTimeout(400) #1	PACING	-	drain scheduled steps (lookahead); LOOKAHEAD_S=0.2 (200ms) clip scheduler lookahead, packages/web/src/lib/audio/modules/clipplayer.ts:281.
e2e/tests/workflow-shell-live-glyphs.spec.ts :: tidyVco dock hero glyph: static-silent, then MOVES when the real POLYSEQZ chain drives audio :: waitForTimeout(300) #1	STATE	-	captures dockGlyphFrame before and after and asserts byte-identical (static); sustained-no-change check, no product constant.
e2e/tests/workflow-shell.spec.ts :: 4-stack lane: ≥90px headroom above the top tile, ONE shared band top, badges fully visible :: waitForTimeout(250) #1	STATE	-	waits after each dropInShellColumn call inside a loop before reading layout; convert to expect.poll on tile position/count, no product constant.
e2e/tests/workflow-shell.spec.ts :: 4-stack lane: ≥90px headroom above the top tile, ONE shared band top, badges fully visible :: waitForTimeout(250) #2	STATE	-	same per-drop settle wait later in the same test, after dropping into a second lane.
e2e/tests/workflow-shell.spec.ts :: a lane drop persists + renders at the tight column centre, flush-stacked, no invalid state :: waitForTimeout(250) #1	STATE	-	same per-drop layout-settle pattern inside a loop.
e2e/tests/workflow-shell.spec.ts :: column members are UNIFORM width + FLUSH-stacked (no overlap, no gap) :: waitForTimeout(250) #1	STATE	-	same per-drop layout-settle pattern.
e2e/tests/workflow-shell.spec.ts :: lanes are the TIGHT ~216px shell pitch: drops land in the narrowed column + tiles fill the lane with no overlap :: waitForTimeout(250) #1	STATE	-	same per-drop layout-settle pattern.
e2e/tests/workflow-shell.spec.ts :: zoom NEVER repositions tiles: fixed slot box at every LOD tier, positions byte-identical :: waitForTimeout(250) #1	STATE	-	same per-drop layout-settle pattern before capturing baseline positions.
e2e/tests/workflow-shell.spec.ts :: zoom is a geometric NO-OP on SCREEN: tiles hold position vs lane lines, badges, the video band, and each other :: waitForTimeout(300) #1	STATE	-	settle wait after a drop before reading member id/position.
e2e/tests/workflow-spawn-reveal.spec.ts :: ON-SCREEN lane add → the viewport transform is UNCHANGED, byte-equal (${}) :: waitForTimeout(WCOL_PAN_MS * 3) #1	PACING	-	explicitly 3x WCOL_PAN_MS; WCOL_PAN_MS=220, packages/web/src/lib/ui/Canvas.svelte:1733.
e2e/tests/workflow-spawn-reveal.spec.ts :: settledViewport :: waitForTimeout(WCOL_PAN_MS + 60) #1	PACING	-	explicitly WCOL_PAN_MS+60; WCOL_PAN_MS=220, packages/web/src/lib/ui/Canvas.svelte:1733.
e2e/tests/workflow-surfaces.spec.ts :: tap tempo: a single tap is inert; two taps lock the tapped tempo :: waitForTimeout(250) #1	STATE	-	waits after a single tap to assert BPM unchanged; sustained-no-change check, no product constant.
e2e/tests/workflow-surfaces.spec.ts :: tap tempo: a single tap is inert; two taps lock the tapped tempo :: waitForTimeout(2_100) #1	PACING	-	past the about 2s reset window so the timed pair below is a fresh sequence; TAP_RESET_MS=2000, packages/web/src/lib/electra/tap-tempo.ts:27.
e2e/tests/workflow-viewport-nav.spec.ts :: '3' centers column 3 horizontally with its baseline at the viewport bottom :: waitForTimeout(600) #1	PACING	-	explicitly let the 220ms animated setViewport settle; laneCenterViewport uses WCOL_PAN_MS=220, packages/web/src/lib/ui/Canvas.svelte:1796.
e2e/tests/workflow-viewport-nav.spec.ts :: 'V' snaps the video area's lower-left corner to the viewport's lower-left corner :: waitForTimeout(600) #1	PACING	-	same 220ms animated setViewport (videoAreaViewport), WCOL_PAN_MS=220, packages/web/src/lib/ui/Canvas.svelte:1786.
e2e/tests/workflow-viewport-nav.spec.ts :: GUARD: a number pressed while a text input is focused does NOT pan :: waitForTimeout(400) #1	STATE	-	waits after a keypress to assert the viewport is unchanged; sustained-no-change check, no product constant.
e2e/vrt/cellshade-composite.spec.ts :: ${} matches baseline :: waitForTimeout(200) #1	PAINT	-	lets the final frozen frame finish rendering into the canvas before the screenshot; CELLSHADE is explicitly documented as stateless per frame (no feedback or history), so no RISKY concern.
e2e/vrt/cellshade-composite.spec.ts :: ${} matches baseline :: waitForTimeout(700) #1	PAINT	-	let the frozen frame settle into the preview before suspending audio; CELLSHADE is stateless per frame.
e2e/vrt/cube-adsr-composite.spec.ts :: cube-adsr-midilane matches baseline :: waitForTimeout(600) #1	PACING	-	let the chord land and the voices ring up the slow attack; test dials CUBE per-voice ADSR attack=0.8s, attack param at packages/web/src/lib/audio/modules/cube.ts:291.
e2e/vrt/mirrorpool-composite.spec.ts :: ${} matches baseline :: waitForTimeout(200) #1	PAINT	RISKY	final-frame settle before screenshot; MIRRORPOOL height field is a ping-pong wave simulation that integrates once per draw with rain spawned from a frame counter, packages/web/src/lib/video/modules/mirrorpool.ts:465.
e2e/vrt/mirrorpool-composite.spec.ts :: ${} matches baseline :: waitForTimeout(700) #1	PAINT	RISKY	same per-draw ping-pong wave and rain-frame-counter accumulator concern before the freeze.
e2e/vrt/pentemelodica-composite.spec.ts :: pentemelodica-midilane matches baseline :: waitForTimeout(600) #1	STATE	-	let the chord land and the voices ring up; PENTEMELODICA default shared ADSR attack is 0.001s (not overridden here), so this is MIDI/voice propagation settle, not a named envelope constant.
e2e/vrt/vrt-aspect-16x9.spec.ts :: setup16x9 :: waitForTimeout(500) #1	PAINT	-	let the card mirror the new engine dims and blit a few frames before the height-stability poll.
e2e/vrt/vrt-clap.spec.ts :: ${} matches baseline :: waitForTimeout(150) #1	PAINT	-	faders poll readLive each rAF, give the card a couple of frames to settle before the screenshot.
e2e/vrt/vrt-colourofmagic.spec.ts :: ${} matches baseline :: waitForTimeout(200) #1	PAINT	-	final-frame settle before screenshot; COLOUROFMAGIC deliberately avoids binding its own FBO as input (a GL feedback loop), confirmed stateless.
e2e/vrt/vrt-colourofmagic.spec.ts :: ${} matches baseline :: waitForTimeout(700) #1	PAINT	-	let the frozen frame settle into the preview before suspending audio; confirmed stateless per frame.
e2e/vrt/vrt-composite-coverage.spec.ts :: composite ${} matches BEFORE/AFTER baselines :: waitForTimeout(250) #1	PACING	-	explicitly SCOPE 2048-sample analyser refills at about 43ms at 48kHz, 250ms gives it 5+ refill cycles; SCOPE analyser fftSize=2048, packages/web/src/lib/audio/modules/scope.ts:174.
e2e/vrt/vrt-composite-coverage.spec.ts :: composite ${} matches BEFORE/AFTER baselines :: waitForTimeout(500) #1	STATE	-	generic Engine and analyser settle before capturing the IDLE pose; no product constant found.
e2e/vrt/vrt-composite-scenes.ts :: VCO_SCOPE_AUDIO_SCENES :: waitForTimeout(600) #1	PACING	-	lets the live VCO to SCOPE analyser fill before the self-verifying freeze; SCOPE analyser fftSize=2048, packages/web/src/lib/audio/modules/scope.ts:174.
e2e/vrt/vrt-composite-scenes.ts :: setupAdsrSustainScope :: waitForTimeout(700) #1	PACING	-	60 BPM, 2 steps, 16th to 0.25s per step, 0.5s per loop; mirrors the SEQUENCER stepDur (60/bpm/4) formula, packages/web/src/lib/audio/modules/kria.ts:376.
e2e/vrt/vrt-composite-scenes.ts :: setupAt :: waitForTimeout(150) #1	PACING	-	so the SCOPE analyser samples catch the new CV; SCOPE analyser fftSize=2048, packages/web/src/lib/audio/modules/scope.ts:174. NIBBLES own render is pinned deterministic via __nibblesForceLength and __nibblesVrtSeed before this wait, so not RISKY.
e2e/vrt/vrt-composite-scenes.ts :: setupDepolarizerScope :: waitForTimeout(700) #1	PACING	-	same 60 BPM / 2-step S&H sequencer pattern (bpm:60,length:2,snh:1) as setupAdsrSustainScope; stepDur=60/bpm/4, packages/web/src/lib/audio/modules/kria.ts:376.
e2e/vrt/vrt-composite-scenes.ts :: setupMixerSumScope :: waitForTimeout(700) #1	PACING	-	same 60 BPM / 2-step S&H sequencer pattern; stepDur=60/bpm/4, packages/web/src/lib/audio/modules/kria.ts:376.
e2e/vrt/vrt-composite-scenes.ts :: setupPolarizerScope :: waitForTimeout(700) #1	PACING	-	same 60 BPM / 2-step S&H sequencer pattern; stepDur=60/bpm/4, packages/web/src/lib/audio/modules/kria.ts:376.
e2e/vrt/vrt-composite-scenes.ts :: setupScalerScope :: waitForTimeout(700) #1	PACING	-	same 60 BPM / 2-step S&H sequencer pattern; stepDur=60/bpm/4, packages/web/src/lib/audio/modules/kria.ts:376.
e2e/vrt/vrt-composite-scenes.ts :: setupSnhSeqScope :: waitForTimeout(700) #1	PACING	-	same 60 BPM / 2-step S&H sequencer pattern; stepDur=60/bpm/4, packages/web/src/lib/audio/modules/kria.ts:376.
e2e/vrt/vrt-frame-stability.spec.ts :: stability ${} :: waitForTimeout(GAP_MS) #1	PAINT	RISKY	parametrized across VRT_SCENES (including BACKDRAFT per-draw ping-pong accumulator and TOYBOX feedback nodes) explicitly testing frame-to-frame stability; GAP_MS is test-local (STAB_GAP_MS env), e2e/vrt/vrt-frame-stability.spec.ts:57, not a product constant.
e2e/vrt/vrt-quadralogical.spec.ts :: ${} matches baseline :: waitForTimeout(200) #1	PAINT	-	final-frame settle before screenshot; QUADRALOGICAL deliberately avoids binding its own FBO (a GL feedback loop), confirmed stateless.
e2e/vrt/vrt-quadralogical.spec.ts :: ${} matches baseline :: waitForTimeout(700) #1	PAINT	-	let the flat-colour sources and the mix settle before freezing; confirmed stateless per frame.
e2e/vrt/vrt-scenes.ts :: VRT_SCENES :: waitForTimeout(150) #1	PAINT	RISKY	BACKDRAFT scene: a few rAFs so the freeze param reaches the engine and the last pre-freeze frame is the one held; BACKDRAFT is a per-draw feedback accumulator so the exact frame the freeze lands on determines the captured depth.
e2e/vrt/vrt-scenes.ts :: VRT_SCENES :: waitForTimeout(1500) #1	PAINT	RISKY	BACKDRAFT scene: let the feedback loop run and settle, trails have built up and the spatial transform has compounded into a deep tunnel or spiral before we pin the frame -- explicit per-frame accumulator dependency.
e2e/vrt/vrt-scenes.ts :: VRT_SCENES :: waitForTimeout(250) #1	PAINT	-	RUTTETRA scene: let a few engine frames upload the frozen frame into the output FBO after a seek; RUTTETRA confirmed stateless (no ping-pong or register in ruttetra.ts), a plain render-completion wait.
e2e/vrt/vrt-scenes.ts :: applyVrtScene :: waitForTimeout(scene.settleMs ?? 300) #1	PAINT	RISKY	generic settle shared by every catalog scene including BACKDRAFT, TOYBOX and NIBBLES, some of which are real per-frame accumulators, so an assumed-fps frame count could diverge from the settleMs each scene was tuned against.
e2e/vrt/vrt-scope-modes.spec.ts :: ${} matches baseline :: waitForTimeout(c.settleMs) #1	STATE	-	per-scope-config settle before freezeAudio and screenshot; settleMs is a test-local per-config value, a pure SCOPE audio-domain settle, convert to expect.poll gating on the scope analyser output.
e2e/vrt/vrt-sr-probe.spec.ts :: audio sample-rate probe :: waitForTimeout(600) #1	STATE	-	waits for the engine to be ready before reading sample-rate info; convert to expect.poll gating on __engine() readiness.
e2e/vrt/vrt-synesthesia-composite.spec.ts :: vco-261-band2 matches baseline :: waitForTimeout(800) #1	PACING	-	VU meter ballistics climb to the steady band-2 level; SYNESTHESIA slow envelope-follower is about 500ms, packages/web/src/lib/audio/modules/synesthesia.ts:237.
e2e/vrt/vrt-synesthesia-video.spec.ts :: copy-A solid-red levels redline the R meter :: waitForTimeout(40) #1	PACING	-	repeatedly pushes the level while the meter ballistics climb (20x40ms=800ms total); SYNESTHESIA slow envelope-follower is about 500ms, packages/web/src/lib/audio/modules/synesthesia.ts:237.
e2e/vrt/vrt-tidy-vco.spec.ts :: ${} matches baseline :: waitForTimeout(150) #1	PAINT	-	faders poll readLive each rAF, give the card a couple of frames to settle before the screenshot, same pattern as vrt-clap.
e2e/vrt/vrt-wavesculpt-blink.spec.ts :: blink ${} matches baseline :: waitForTimeout(600) #1	PACING	-	let the voices settle so the scope buffers fill; mirrors SCOPE analyser fftSize=2048 refill span, packages/web/src/lib/audio/modules/scope.ts:174. WAVESCULPT render is pinned via a time-derived freeze hook (WIGGLE phase), not frame-tic, so not RISKY.
e2e/vrt/vrt-wavesculpt-walls.spec.ts :: ${} matches baseline :: waitForTimeout(600) #1	PAINT	-	let the wall texture upload and a couple of feedback frames settle -- render-completion wait; only a static SHAPES texture is patched into wall1 (no self-patch recursive feedback exercised), and the render is pinned via the same time-derived freeze hook.
